CustomerId,Recency,Frequency,Monetary,RecencyScore,FrequencyScore,MonetaryScore,RFM_SCORE,Segment
1,4,344,716034.12,3,4,4,34,Sadık Müşteriler
2,3,332,544664.77,4,3,1,43,Potansiyel Sadıklar
3,7,359,558731.52,2,5,1,25,Kaybedilmek Üzere
4,6,312,664973.7000000001,2,1,3,21,Uykuda
5,6,338,720164.95,2,3,4,23,Risk Altında
6,3,323,627378.45,4,2,2,42,Potansiyel Sadıklar
7,2,315,611038.1,5,1,2,51,Yeni Müşteriler
8,4,325,703976.7100000001,3,2,4,32,Uykuya Yakın
9,2,348,720235.8099999999,5,4,4,54,Şampiyonlar
10,3,336,730472.9099999999,4,3,4,43,Potansiyel Sadıklar
11,2,337,724102.96,5,3,4,53,Potansiyel Sadıklar
12,3,329,643136.3300000001,4,3,2,43,Potansiyel Sadıklar
13,5,330,608708.9099999999,3,3,2,33,İlgi Bekleyen
14,3,326,540066.21,4,2,1,42,Potansiyel Sadıklar
15,3,296,660997.94,4,1,3,41,Umut Veren
16,4,342,712240.4299999999,3,4,4,34,Sadık Müşteriler
17,4,328,591525.39,3,2,1,32,Uykuya Yakın
18,2,344,776121.4,5,4,5,54,Şampiyonlar
19,4,353,639017.26,3,5,2,35,Sadık Müşteriler
20,2,338,645750.95,5,3,2,53,Potansiyel Sadıklar
21,8,348,615170.27,1,4,2,14,Risk Altında
22,2,341,705903.27,5,4,4,54,Şampiyonlar
23,12,333,591228.16,1,3,1,13,Risk Altında
24,2,340,633186.8300000001,5,4,2,54,Şampiyonlar
25,8,338,660852.6499999999,1,3,3,13,Risk Altında
26,2,322,546092.09,5,2,1,52,Potansiyel Sadıklar
27,5,332,674746.5700000001,3,3,3,33,İlgi Bekleyen
28,2,343,602097.1399999999,5,4,2,54,Şampiyonlar
29,2,335,621427.26,5,3,2,53,Potansiyel Sadıklar
30,2,337,682798.0599999999,5,3,3,53,Potansiyel Sadıklar
31,2,317,630074.1699999999,5,1,2,51,Yeni Müşteriler
32,3,340,763895.88,4,4,5,44,Sadık Müşteriler
33,2,360,805526.5800000001,5,5,5,55,Şampiyonlar
34,5,347,643036.1,3,4,2,34,Sadık Müşteriler
35,2,349,843679.1300000001,5,4,5,54,Şampiyonlar
36,7,366,716871.79,2,5,4,25,Kaybedilmek Üzere
37,3,337,645096.66,4,3,2,43,Potansiyel Sadıklar
38,8,324,609530.1100000001,1,2,2,12,Uykuda
39,8,346,720932.38,1,4,4,14,Risk Altında
40,3,316,624745.01,4,1,2,41,Umut Veren
41,11,311,675198.78,1,1,3,11,Uykuda
42,14,337,575934.3,1,3,1,13,Risk Altında
43,3,325,780355.32,4,2,5,42,Potansiyel Sadıklar
44,8,329,627411.37,1,3,2,13,Risk Altında
45,4,357,562095.8,3,5,1,35,Sadık Müşteriler
46,5,340,807557.68,3,4,5,34,Sadık Müşteriler
47,2,325,691021.86,5,2,3,52,Potansiyel Sadıklar
48,2,347,591498.22,5,4,1,54,Şampiyonlar
49,2,317,586007.9099999999,5,1,1,51,Yeni Müşteriler
50,4,362,700327.8099999999,3,5,4,35,Sadık Müşteriler
51,2,338,651158.01,5,3,3,53,Potansiyel Sadıklar
52,3,331,636544.02,4,3,2,43,Potansiyel Sadıklar
53,2,332,586440.98,5,3,1,53,Potansiyel Sadıklar
54,3,339,691172.5800000001,4,4,3,44,Sadık Müşteriler
55,3,337,747188.49,4,3,5,43,Potansiyel Sadıklar
56,2,389,796662.03,5,5,5,55,Şampiyonlar
57,2,330,673572.0900000001,5,3,3,53,Potansiyel Sadıklar
58,2,329,677540.05,5,3,3,53,Potansiyel Sadıklar
59,9,351,775114.44,1,5,5,15,Kaybedilmek Üzere
60,3,345,740958.09,4,4,4,44,Sadık Müşteriler
61,2,352,892810.03,5,5,5,55,Şampiyonlar
62,6,353,618713.9199999999,2,5,2,25,Kaybedilmek Üzere
63,6,347,732095.74,2,4,4,24,Risk Altında
64,3,339,592256.4,4,4,1,44,Sadık Müşteriler
65,4,304,614972.02,3,1,2,31,Uykuya Yakın
66,5,339,659344.71,3,4,3,34,Sadık Müşteriler
67,10,355,712587.05,1,5,4,15,Kaybedilmek Üzere
68,2,303,664142.73,5,1,3,51,Yeni Müşteriler
69,2,360,712553.3700000001,5,5,4,55,Şampiyonlar
70,7,306,609125.72,2,1,2,21,Uykuda
71,2,334,730520.8200000001,5,3,4,53,Potansiyel Sadıklar
72,4,328,628943.78,3,2,2,32,Uykuya Yakın
73,15,333,648269.14,1,3,3,13,Risk Altında
74,3,352,850907.7200000001,4,5,5,45,Sadık Müşteriler
75,3,344,680314.76,4,4,3,44,Sadık Müşteriler
76,3,341,707335.86,4,4,4,44,Sadık Müşteriler
77,2,331,603905.0700000001,5,3,2,53,Potansiyel Sadıklar
78,4,332,713944.61,3,3,4,33,İlgi Bekleyen
79,3,344,611036.22,4,4,2,44,Sadık Müşteriler
80,2,340,759192.81,5,4,5,54,Şampiyonlar
81,3,316,551062.96,4,1,1,41,Umut Veren
82,4,342,593259.9800000001,3,4,1,34,Sadık Müşteriler
83,7,325,699772.1300000001,2,2,4,22,Uykuda
84,8,325,671663.91,1,2,3,12,Uykuda
85,3,369,729618.37,4,5,4,45,Sadık Müşteriler
86,2,348,718217.5,5,4,4,54,Şampiyonlar
87,10,321,683420.0599999999,1,2,3,12,Uykuda
88,15,328,651361.1299999999,1,2,3,12,Uykuda
89,6,319,581361.77,2,2,1,22,Uykuda
90,3,306,581884.96,4,1,1,41,Umut Veren
91,9,350,830463.74,1,5,5,15,Kaybedilmek Üzere
92,13,340,700339.16,1,4,4,14,Risk Altında
93,6,320,648194.0800000001,2,2,3,22,Uykuda
94,8,324,841154.6,1,2,5,12,Uykuda
95,4,314,668306.5800000001,3,1,3,31,Uykuya Yakın
96,4,331,588510.8399999999,3,3,1,33,İlgi Bekleyen
97,2,343,692703.39,5,4,4,54,Şampiyonlar
98,2,335,622074.97,5,3,2,53,Potansiyel Sadıklar
99,13,337,515702.19,1,3,1,13,Risk Altında
100,5,343,677126.21,3,4,3,34,Sadık Müşteriler
101,6,328,735172.11,2,2,4,22,Uykuda
102,9,326,826199.09,1,2,5,12,Uykuda
103,3,322,782375.28,4,2,5,42,Potansiyel Sadıklar
104,2,346,708133.6399999999,5,4,4,54,Şampiyonlar
105,2,328,743221.57,5,2,5,52,Potansiyel Sadıklar
106,5,344,638477.31,3,4,2,34,Sadık Müşteriler
107,6,333,702322.28,2,3,4,23,Risk Altında
108,5,332,710741.64,3,3,4,33,İlgi Bekleyen
109,3,317,696319.94,4,1,4,41,Umut Veren
110,5,325,637374.1499999999,3,2,2,32,Uykuya Yakın
111,2,343,708016.0800000001,5,4,4,54,Şampiyonlar
112,9,328,623361.02,1,2,2,12,Uykuda
113,4,292,634130.62,3,1,2,31,Uykuya Yakın
114,3,314,606187.18,4,1,2,41,Umut Veren
115,3,343,701151.47,4,4,4,44,Sadık Müşteriler
116,11,336,696107.6299999999,1,3,4,13,Risk Altında
117,2,334,733071.13,5,3,4,53,Potansiyel Sadıklar
118,4,326,639185.13,3,2,2,32,Uykuya Yakın
119,7,332,734104.92,2,3,4,23,Risk Altında
120,8,322,600479.98,1,2,1,12,Uykuda
121,6,298,689609.12,2,1,3,21,Uykuda
122,6,316,669246.1299999999,2,1,3,21,Uykuda
123,2,301,607757.76,5,1,2,51,Yeni Müşteriler
124,6,294,582362.36,2,1,1,21,Uykuda
125,4,350,726605.46,3,5,4,35,Sadık Müşteriler
126,3,313,519795.94,4,1,1,41,Umut Veren
127,6,330,681547.29,2,3,3,23,Risk Altında
128,4,326,646218.3400000001,3,2,3,32,Uykuya Yakın
129,2,321,724018.29,5,2,4,52,Potansiyel Sadıklar
130,3,334,777815.11,4,3,5,43,Potansiyel Sadıklar
131,2,305,683890.64,5,1,3,51,Yeni Müşteriler
132,11,325,646203.54,1,2,3,12,Uykuda
133,3,353,740461.02,4,5,4,45,Sadık Müşteriler
134,4,301,637077.11,3,1,2,31,Uykuya Yakın
135,12,310,610070.2,1,1,2,11,Uykuda
136,6,319,673948.1599999999,2,2,3,22,Uykuda
137,4,332,673364.22,3,3,3,33,İlgi Bekleyen
138,12,299,577770.06,1,1,1,11,Uykuda
139,2,277,442784.04000000004,5,1,1,51,Yeni Müşteriler
140,3,355,704401.5499999999,4,5,4,45,Sadık Müşteriler
141,3,338,672654.76,4,3,3,43,Potansiyel Sadıklar
142,3,337,664304.64,4,3,3,43,Potansiyel Sadıklar
143,6,363,843645.02,2,5,5,25,Kaybedilmek Üzere
144,6,333,655294.63,2,3,3,23,Risk Altında
145,2,333,612077.49,5,3,2,53,Potansiyel Sadıklar
146,3,335,764383.9099999999,4,3,5,43,Potansiyel Sadıklar
147,19,343,666572.8400000001,1,4,3,14,Risk Altında
148,5,335,696767.38,3,3,4,33,İlgi Bekleyen
149,2,343,676190.7,5,4,3,54,Şampiyonlar
150,2,355,749587.83,5,5,5,55,Şampiyonlar
151,3,318,589956.8500000001,4,1,1,41,Umut Veren
152,7,312,544238.54,2,1,1,21,Uykuda
153,5,351,797755.9199999999,3,5,5,35,Sadık Müşteriler
154,3,356,751284.16,4,5,5,45,Sadık Müşteriler
155,4,330,716713.6599999999,3,3,4,33,İlgi Bekleyen
156,3,354,801270.1100000001,4,5,5,45,Sadık Müşteriler
157,2,316,569626.5,5,1,1,51,Yeni Müşteriler
158,2,327,617451.3900000001,5,2,2,52,Potansiyel Sadıklar
159,2,319,634935.64,5,2,2,52,Potansiyel Sadıklar
160,5,351,669734.49,3,5,3,35,Sadık Müşteriler
161,7,339,613109.0700000001,2,4,2,24,Risk Altında
162,7,342,665306.77,2,4,3,24,Risk Altında
163,4,345,651676.57,3,4,3,34,Sadık Müşteriler
164,7,304,495567.68999999994,2,1,1,21,Uykuda
165,6,317,684896.6499999999,2,1,3,21,Uykuda
166,2,334,677392.2,5,3,3,53,Potansiyel Sadıklar
167,2,325,620074.0800000001,5,2,2,52,Potansiyel Sadıklar
168,4,337,533512.21,3,3,1,33,İlgi Bekleyen
169,5,321,666471.48,3,2,3,32,Uykuya Yakın
170,2,318,689130.54,5,1,3,51,Yeni Müşteriler
171,7,306,556553.49,2,1,1,21,Uykuda
172,6,349,667482.76,2,4,3,24,Risk Altında
173,2,309,632979.45,5,1,2,51,Yeni Müşteriler
174,8,308,638528.72,1,1,2,11,Uykuda
175,3,362,711956.07,4,5,4,45,Sadık Müşteriler
176,2,300,691113.76,5,1,3,51,Yeni Müşteriler
177,3,312,587447.1299999999,4,1,1,41,Umut Veren
178,2,308,580788.95,5,1,1,51,Yeni Müşteriler
179,3,323,619087.6200000001,4,2,2,42,Potansiyel Sadıklar
180,5,335,691282.75,3,3,3,33,İlgi Bekleyen
181,4,371,799871.83,3,5,5,35,Sadık Müşteriler
182,4,337,681549.3500000001,3,3,3,33,İlgi Bekleyen
183,8,325,620589.5800000001,1,2,2,12,Uykuda
184,7,317,718268.72,2,1,4,21,Uykuda
185,6,335,623909.8300000001,2,3,2,23,Risk Altında
186,5,318,623874.43,3,1,2,31,Uykuya Yakın
187,2,343,859460.01,5,4,5,54,Şampiyonlar
188,9,325,649445.3500000001,1,2,3,12,Uykuda
189,7,315,551452.63,2,1,1,21,Uykuda
190,2,331,695489.6900000001,5,3,4,53,Potansiyel Sadıklar
191,9,312,570827.4199999999,1,1,1,11,Uykuda
192,5,326,460440.15,3,2,1,32,Uykuya Yakın
193,3,328,647404.12,4,2,3,42,Potansiyel Sadıklar
194,4,359,643022.4500000001,3,5,2,35,Sadık Müşteriler
195,4,322,599089.4,3,2,1,32,Uykuya Yakın
196,4,327,686582.7599999999,3,2,3,32,Uykuya Yakın
197,4,339,671810.8,3,4,3,34,Sadık Müşteriler
198,2,338,751213.66,5,3,5,53,Potansiyel Sadıklar
199,3,345,731015.49,4,4,4,44,Sadık Müşteriler
200,4,342,783547.3899999999,3,4,5,34,Sadık Müşteriler
201,5,347,634806.1399999999,2,4,2,24,Risk Altında
202,2,322,587433.28,5,2,1,52,Potansiyel Sadıklar
203,2,337,713374.6000000001,5,3,4,53,Potansiyel Sadıklar
204,3,308,549396.76,4,1,1,41,Umut Veren
205,3,318,547469.4099999999,4,1,1,41,Umut Veren
206,8,332,715930.71,1,3,4,13,Risk Altında
207,2,345,667536.67,5,4,3,54,Şampiyonlar
208,3,322,595155.3599999999,4,2,1,42,Potansiyel Sadıklar
209,3,307,625315.1100000001,4,1,2,41,Umut Veren
210,3,323,783760.8600000001,4,2,5,42,Potansiyel Sadıklar
211,4,319,593810.54,3,2,1,32,Uykuya Yakın
212,9,319,689961.63,1,2,3,12,Uykuda
213,2,352,716844.6199999999,5,5,4,55,Şampiyonlar
214,2,339,635730.01,5,4,2,54,Şampiyonlar
215,3,344,622650.36,4,4,2,44,Sadık Müşteriler
216,2,370,796511.88,5,5,5,55,Şampiyonlar
217,22,352,693503.1699999999,1,5,4,15,Kaybedilmek Üzere
218,9,323,724425.48,1,2,4,12,Uykuda
219,5,355,895285.6000000001,2,5,5,25,Kaybedilmek Üzere
220,9,336,720935.6599999999,1,3,4,13,Risk Altında
221,4,363,750616.1200000001,3,5,5,35,Sadık Müşteriler
222,2,358,745862.23,5,5,5,55,Şampiyonlar
223,3,339,725781.1100000001,4,4,4,44,Sadık Müşteriler
224,7,326,639476.6900000001,2,2,2,22,Uykuda
225,3,353,721180.05,4,5,4,45,Sadık Müşteriler
226,3,320,613669.52,4,2,2,42,Potansiyel Sadıklar
227,2,335,774718.19,5,3,5,53,Potansiyel Sadıklar
228,4,309,548565.35,3,1,1,31,Uykuya Yakın
229,10,328,685101.17,1,2,3,12,Uykuda
230,2,354,683736.77,5,5,3,55,Şampiyonlar
231,7,340,696579.8200000001,2,4,4,24,Risk Altında
232,2,345,691788.7,5,4,3,54,Şampiyonlar
233,2,369,709515.82,5,5,4,55,Şampiyonlar
234,3,336,814721.33,4,3,5,43,Potansiyel Sadıklar
235,5,343,677054.21,2,4,3,24,Risk Altında
236,2,351,757263.8,5,5,5,55,Şampiyonlar
237,3,343,737484.52,4,4,4,44,Sadık Müşteriler
238,2,368,712141.62,5,5,4,55,Şampiyonlar
239,2,356,692752.9,5,5,4,55,Şampiyonlar
240,2,332,643573.75,5,3,2,53,Potansiyel Sadıklar
241,15,341,740797.0000000001,1,4,4,14,Risk Altında
242,9,308,654616.14,1,1,3,11,Uykuda
243,4,338,692555.37,3,3,4,33,İlgi Bekleyen
244,4,310,600496.71,3,1,1,31,Uykuya Yakın
245,2,339,576614.16,5,4,1,54,Şampiyonlar
246,2,346,660533.2,5,4,3,54,Şampiyonlar
247,3,353,632039.24,4,5,2,45,Sadık Müşteriler
248,6,329,597546.52,2,3,1,23,Risk Altında
249,6,311,546521.48,2,1,1,21,Uykuda
250,4,351,869233.0700000001,3,5,5,35,Sadık Müşteriler
251,11,349,603247.86,1,4,2,14,Risk Altında
252,4,313,550005.4,3,1,1,31,Uykuya Yakın
253,2,322,670103.0800000001,5,2,3,52,Potansiyel Sadıklar
254,8,307,574929.21,1,1,1,11,Uykuda
255,10,330,823616.72,1,3,5,13,Risk Altında
256,4,355,612119.46,3,5,2,35,Sadık Müşteriler
257,7,360,542928.1900000001,2,5,1,25,Kaybedilmek Üzere
258,3,324,593976.19,4,2,1,42,Potansiyel Sadıklar
259,5,322,688641.3,2,2,3,22,Uykuda
260,2,343,661873.21,5,4,3,54,Şampiyonlar
261,9,287,749268.9,1,1,5,11,Uykuda
262,3,347,723098.85,4,4,4,44,Sadık Müşteriler
263,2,354,720423.6,5,5,4,55,Şampiyonlar
264,2,294,494219.17,5,1,1,51,Yeni Müşteriler
265,3,316,704742.6099999999,4,1,4,41,Umut Veren
266,2,335,836224.48,5,3,5,53,Potansiyel Sadıklar
267,4,381,744540.05,3,5,5,35,Sadık Müşteriler
268,5,327,793056.6199999999,2,2,5,22,Uykuda
269,3,354,561124.4400000001,4,5,1,45,Sadık Müşteriler
270,3,359,667473.81,4,5,3,45,Sadık Müşteriler
271,8,304,622803.97,1,1,2,11,Uykuda
272,2,327,561814.31,5,2,1,52,Potansiyel Sadıklar
273,2,297,506012.57999999996,5,1,1,51,Yeni Müşteriler
274,10,345,670674.2899999999,1,4,3,14,Risk Altında
275,6,348,639309.4099999999,2,4,2,24,Risk Altında
276,5,338,659250.1799999999,2,3,3,23,Risk Altında
277,4,359,824368.9299999999,3,5,5,35,Sadık Müşteriler
278,2,313,670220.73,5,1,3,51,Yeni Müşteriler
279,6,351,750202.13,2,5,5,25,Kaybedilmek Üzere
280,4,334,736796.62,3,3,4,33,İlgi Bekleyen
281,3,357,745669.26,4,5,5,45,Sadık Müşteriler
282,10,341,748600.9500000001,1,4,5,14,Risk Altında
283,2,365,673470.7799999999,5,5,3,55,Şampiyonlar
284,16,329,582145.49,1,3,1,13,Risk Altında
285,13,312,672701.1799999999,1,1,3,11,Uykuda
286,4,372,715437.76,3,5,4,35,Sadık Müşteriler
287,5,291,673783.9,2,1,3,21,Uykuda
288,6,315,592384.8300000001,2,1,1,21,Uykuda
289,4,312,521101.16000000003,3,1,1,31,Uykuya Yakın
290,4,354,706231.7200000001,3,5,4,35,Sadık Müşteriler
291,10,342,721894.38,1,4,4,14,Risk Altında
292,2,359,763789.58,5,5,5,55,Şampiyonlar
293,8,344,623383.36,1,4,2,14,Risk Altında
294,9,353,689306.9600000001,1,5,3,15,Kaybedilmek Üzere
295,3,323,730383.58,4,2,4,42,Potansiyel Sadıklar
296,5,346,688234.54,2,4,3,24,Risk Altında
297,2,353,717650.53,5,5,4,55,Şampiyonlar
298,4,289,627827.5800000001,3,1,2,31,Uykuya Yakın
299,2,338,653406.33,5,3,3,53,Potansiyel Sadıklar
300,6,363,721879.01,2,5,4,25,Kaybedilmek Üzere
301,8,320,729006.97,1,2,4,12,Uykuda
302,7,329,770645.99,2,3,5,23,Risk Altında
303,6,316,630532.9199999999,2,1,2,21,Uykuda
304,5,345,636510.3899999999,2,4,2,24,Risk Altında
305,7,346,750455.22,2,4,5,24,Risk Altında
306,5,345,666563.9400000001,2,4,3,24,Risk Altında
307,2,349,784832.8900000001,5,4,5,54,Şampiyonlar
308,2,310,688954.54,5,1,3,51,Yeni Müşteriler
309,7,319,574444.19,2,2,1,22,Uykuda
310,4,335,636180.52,3,3,2,33,İlgi Bekleyen
311,3,352,631274.13,4,5,2,45,Sadık Müşteriler
312,6,330,733345.3500000001,2,3,4,23,Risk Altında
313,5,347,840534.73,2,4,5,24,Risk Altında
314,2,322,723509.1000000001,5,2,4,52,Potansiyel Sadıklar
315,5,365,747283.21,2,5,5,25,Kaybedilmek Üzere
316,3,355,697365.4199999999,4,5,4,45,Sadık Müşteriler
317,2,328,725520.29,5,2,4,52,Potansiyel Sadıklar
318,2,339,621747.28,5,4,2,54,Şampiyonlar
319,9,351,573652.08,1,5,1,15,Kaybedilmek Üzere
320,3,368,749814.17,4,5,5,45,Sadık Müşteriler
321,5,334,645857.89,2,3,2,23,Risk Altında
322,3,314,603125.11,4,1,2,41,Umut Veren
323,3,337,722504.75,4,3,4,43,Potansiyel Sadıklar
324,5,373,720776.73,2,5,4,25,Kaybedilmek Üzere
325,2,340,654287.02,5,4,3,54,Şampiyonlar
326,2,320,668249.6299999999,5,2,3,52,Potansiyel Sadıklar
327,4,331,695022.74,3,3,4,33,İlgi Bekleyen
328,2,334,643005.6699999999,5,3,2,53,Potansiyel Sadıklar
329,2,317,679127.6699999999,5,1,3,51,Yeni Müşteriler
330,9,323,601773.37,1,2,2,12,Uykuda
331,3,331,581060.19,4,3,1,43,Potansiyel Sadıklar
332,2,329,619797.65,5,3,2,53,Potansiyel Sadıklar
333,2,361,682820.34,5,5,3,55,Şampiyonlar
334,11,330,630195.9099999999,1,3,2,13,Risk Altında
335,3,362,641371.4099999999,4,5,2,45,Sadık Müşteriler
336,3,325,567831.2,4,2,1,42,Potansiyel Sadıklar
337,3,340,581266.25,4,4,1,44,Sadık Müşteriler
338,2,329,721841.0499999999,5,3,4,53,Potansiyel Sadıklar
339,6,313,519201.06999999995,2,1,1,21,Uykuda
340,2,307,640692.86,5,1,2,51,Yeni Müşteriler
341,3,318,593659.99,4,1,1,41,Umut Veren
342,5,345,878176.25,2,4,5,24,Risk Altında
343,5,341,587084.02,2,4,1,24,Risk Altında
344,7,325,677677.12,2,2,3,22,Uykuda
345,5,347,729165.8999999999,2,4,4,24,Risk Altında
346,2,313,571669.12,5,1,1,51,Yeni Müşteriler
347,2,320,570303.6000000001,5,2,1,52,Potansiyel Sadıklar
348,10,337,684669.9299999999,1,3,3,13,Risk Altında
349,7,312,616978.5599999999,2,1,2,21,Uykuda
350,5,345,761015.4400000001,2,4,5,24,Risk Altında
351,6,333,633590.63,2,3,2,23,Risk Altında
352,2,356,757162.95,5,5,5,55,Şampiyonlar
353,6,340,572595.96,2,4,1,24,Risk Altında
354,4,351,603228.3300000001,3,5,2,35,Sadık Müşteriler
355,2,299,563687.9299999999,5,1,1,51,Yeni Müşteriler
356,7,352,750899.92,2,5,5,25,Kaybedilmek Üzere
357,6,346,699517.32,2,4,4,24,Risk Altında
358,11,304,656568.29,1,1,3,11,Uykuda
359,21,352,882642.77,1,5,5,15,Kaybedilmek Üzere
360,2,341,700224.02,5,4,4,54,Şampiyonlar
361,2,323,619017.2,5,2,2,52,Potansiyel Sadıklar
362,12,335,566934.67,1,3,1,13,Risk Altında
363,4,336,711188.82,3,3,4,33,İlgi Bekleyen
364,5,292,666345.14,2,1,3,21,Uykuda
365,7,358,770525.5999999999,2,5,5,25,Kaybedilmek Üzere
366,2,327,655267.76,5,2,3,52,Potansiyel Sadıklar
367,6,310,747870.44,2,1,5,21,Uykuda
368,9,344,745873.73,1,4,5,14,Risk Altında
369,5,340,677575.0800000001,2,4,3,24,Risk Altında
370,4,346,585518.0700000001,3,4,1,34,Sadık Müşteriler
371,9,324,625303.83,1,2,2,12,Uykuda
372,2,343,770684.63,5,4,5,54,Şampiyonlar
373,3,357,754551.99,4,5,5,45,Sadık Müşteriler
374,2,357,768055.53,5,5,5,55,Şampiyonlar
375,4,333,605976.3799999999,3,3,2,33,İlgi Bekleyen
376,3,320,563860.0199999999,4,2,1,42,Potansiyel Sadıklar
377,5,359,644085.31,2,5,2,25,Kaybedilmek Üzere
378,4,299,457320.62999999995,3,1,1,31,Uykuya Yakın
379,5,334,753057.8400000001,2,3,5,23,Risk Altında
380,2,330,567974.83,5,3,1,53,Potansiyel Sadıklar
381,5,351,664888.8699999999,2,5,3,25,Kaybedilmek Üzere
382,8,354,852700.42,1,5,5,15,Kaybedilmek Üzere
383,2,319,644415.49,5,2,2,52,Potansiyel Sadıklar
384,6,349,790478.33,2,5,5,25,Kaybedilmek Üzere
385,7,309,520052.52,2,1,1,21,Uykuda
386,3,357,763652.84,4,5,5,45,Sadık Müşteriler
387,12,316,555019.55,1,1,1,11,Uykuda
388,3,330,657308.52,4,3,3,43,Potansiyel Sadıklar
389,5,339,690276.4400000001,2,4,3,24,Risk Altında
390,3,362,776898.3,4,5,5,45,Sadık Müşteriler
391,9,366,690067.1900000001,1,5,3,15,Kaybedilmek Üzere
392,3,298,611664.6,4,1,2,41,Umut Veren
393,2,336,527253.14,5,3,1,53,Potansiyel Sadıklar
394,9,318,651853.1100000001,1,2,3,12,Uykuda
395,2,321,727935.74,5,2,4,52,Potansiyel Sadıklar
396,3,275,584765.53,4,1,1,41,Umut Veren
397,6,303,526475.35,2,1,1,21,Uykuda
398,5,358,633343.04,2,5,2,25,Kaybedilmek Üzere
399,21,299,569473.23,1,1,1,11,Uykuda
400,3,343,621034.77,4,4,2,44,Sadık Müşteriler
401,6,327,736261.78,2,2,4,22,Uykuda
402,3,322,655958.04,4,2,3,42,Potansiyel Sadıklar
403,14,335,641005.5,1,3,2,13,Risk Altında
404,5,314,612557.03,2,1,2,21,Uykuda
405,2,297,663426.15,5,1,3,51,Yeni Müşteriler
406,6,342,761519.5900000001,2,4,5,24,Risk Altında
407,3,344,807212.22,4,4,5,44,Sadık Müşteriler
408,4,307,608816.01,3,1,2,31,Uykuya Yakın
409,3,312,623320.41,4,1,2,41,Umut Veren
410,2,340,592100.24,5,4,1,54,Şampiyonlar
411,5,357,795416.27,2,5,5,25,Kaybedilmek Üzere
412,2,294,601640.87,5,1,2,51,Yeni Müşteriler
413,6,314,623273.96,2,1,2,21,Uykuda
414,3,323,665259.8300000001,4,2,3,42,Potansiyel Sadıklar
415,5,315,746955.48,2,1,5,21,Uykuda
416,2,328,731908.96,5,2,4,52,Potansiyel Sadıklar
417,11,322,726616.86,1,2,4,12,Uykuda
418,6,321,604346.15,2,2,2,22,Uykuda
419,13,358,832930.55,1,5,5,15,Kaybedilmek Üzere
420,2,307,711764.8999999999,5,1,4,51,Yeni Müşteriler
421,9,304,568272.7899999999,1,1,1,11,Uykuda
422,4,346,701761.8300000001,3,4,4,34,Sadık Müşteriler
423,8,329,702732.05,1,3,4,13,Risk Altında
424,6,322,724176.8300000001,2,2,4,22,Uykuda
425,2,345,618278.97,5,4,2,54,Şampiyonlar
426,5,334,713211.8599999999,2,3,4,23,Risk Altında
427,7,313,723980.33,2,1,4,21,Uykuda
428,4,338,715043.65,3,4,4,34,Sadık Müşteriler
429,3,331,665353.13,4,3,3,43,Potansiyel Sadıklar
430,4,328,786629.7799999999,3,2,5,32,Uykuya Yakın
431,2,343,863959.63,5,4,5,54,Şampiyonlar
432,4,331,691932.99,3,3,4,33,İlgi Bekleyen
433,4,332,611627.28,3,3,2,33,İlgi Bekleyen
434,6,344,610039.23,2,4,2,24,Risk Altında
435,4,335,660812.98,3,3,3,33,İlgi Bekleyen
436,3,357,641864.26,4,5,2,45,Sadık Müşteriler
437,6,326,598852.3099999999,2,2,1,22,Uykuda
438,2,347,604397.5,5,4,2,54,Şampiyonlar
439,2,336,705291.5,5,3,4,53,Potansiyel Sadıklar
440,5,305,727169.3900000001,2,1,4,21,Uykuda
441,9,318,627897.36,1,2,2,12,Uykuda
442,3,347,663899.77,4,4,3,44,Sadık Müşteriler
443,4,347,621303.89,3,4,2,34,Sadık Müşteriler
444,17,316,645818.19,1,1,2,11,Uykuda
445,2,349,628209.48,5,5,2,55,Şampiyonlar
446,6,334,744789.26,2,3,5,23,Risk Altında
447,7,323,749068.56,2,2,5,22,Uykuda
448,6,314,619617.89,2,1,2,21,Uykuda
449,6,321,545177.4299999999,2,2,1,22,Uykuda
450,2,340,720105.9100000001,5,4,4,54,Şampiyonlar
451,2,322,533236.8,5,2,1,52,Potansiyel Sadıklar
452,7,292,436333.85,2,1,1,21,Uykuda
453,3,341,683200.1799999999,4,4,3,44,Sadık Müşteriler
454,2,305,636016.31,5,1,2,51,Yeni Müşteriler
455,6,329,651018.75,2,3,3,23,Risk Altında
456,3,321,688316.99,4,2,3,42,Potansiyel Sadıklar
457,5,323,700632.02,2,2,4,22,Uykuda
458,2,336,688874.3400000001,5,3,3,53,Potansiyel Sadıklar
459,9,353,639028.02,1,5,2,15,Kaybedilmek Üzere
460,6,352,935615.5900000001,2,5,5,25,Kaybedilmek Üzere
461,2,330,686778.49,5,3,3,53,Potansiyel Sadıklar
462,4,331,619429.2000000001,3,3,2,33,İlgi Bekleyen
463,3,356,761134.0299999999,4,5,5,45,Sadık Müşteriler
464,2,336,714657.3699999999,5,3,4,53,Potansiyel Sadıklar
465,19,355,756271.9299999999,1,5,5,15,Kaybedilmek Üzere
466,9,320,656597.9,1,2,3,12,Uykuda
467,2,332,669151.86,5,3,3,53,Potansiyel Sadıklar
468,12,319,565819.23,1,2,1,12,Uykuda
469,5,323,657423.4199999999,2,2,3,22,Uykuda
470,2,339,618746.3,5,4,2,54,Şampiyonlar
471,8,369,842203.2799999999,1,5,5,15,Kaybedilmek Üzere
472,2,308,565901.0299999999,5,1,1,51,Yeni Müşteriler
473,2,351,658980.76,5,5,3,55,Şampiyonlar
474,3,303,651000.44,4,1,3,41,Umut Veren
475,5,323,631086.13,2,2,2,22,Uykuda
476,5,329,592266.8400000001,2,3,1,23,Risk Altında
477,3,358,678866.8999999999,4,5,3,45,Sadık Müşteriler
478,3,339,738275.8200000001,4,4,4,44,Sadık Müşteriler
479,2,362,634563.67,5,5,2,55,Şampiyonlar
480,6,326,646318.14,2,2,3,22,Uykuda
481,4,315,681600.62,3,1,3,31,Uykuya Yakın
482,2,336,714700.05,5,3,4,53,Potansiyel Sadıklar
483,2,356,777208.9099999999,5,5,5,55,Şampiyonlar
484,10,366,870809.57,1,5,5,15,Kaybedilmek Üzere
485,4,321,612276.1100000001,3,2,2,32,Uykuya Yakın
486,3,358,614476.79,4,5,2,45,Sadık Müşteriler
487,3,347,596461.1399999999,4,4,1,44,Sadık Müşteriler
488,7,317,579696.7,2,1,1,21,Uykuda
489,2,343,677225.8900000001,5,4,3,54,Şampiyonlar
490,2,337,674439.4,5,3,3,53,Potansiyel Sadıklar
491,5,321,654457.47,2,2,3,22,Uykuda
492,3,321,777871.1399999999,4,2,5,42,Potansiyel Sadıklar
493,3,319,679487.75,4,2,3,42,Potansiyel Sadıklar
494,4,308,596576.1699999999,3,1,1,31,Uykuya Yakın
495,2,329,691371.3200000001,5,3,3,53,Potansiyel Sadıklar
496,3,323,579378.09,4,2,1,42,Potansiyel Sadıklar
497,2,365,641315.26,5,5,2,55,Şampiyonlar
498,3,336,642290.5800000001,4,3,2,43,Potansiyel Sadıklar
499,6,323,767777.21,2,2,5,22,Uykuda
500,12,299,678652.6299999999,1,1,3,11,Uykuda
501,2,324,814330.1499999999,5,2,5,52,Potansiyel Sadıklar
502,2,346,521359.34,5,4,1,54,Şampiyonlar
503,6,301,512756.82000000007,2,1,1,21,Uykuda
504,9,310,509342.17,1,1,1,11,Uykuda
505,6,336,794077.01,2,3,5,23,Risk Altında
506,4,337,558271.99,3,3,1,33,İlgi Bekleyen
507,2,325,727964.12,5,2,4,52,Potansiyel Sadıklar
508,2,336,566519.1799999999,5,3,1,53,Potansiyel Sadıklar
509,3,335,712787.93,4,3,4,43,Potansiyel Sadıklar
510,6,358,754107.1599999999,2,5,5,25,Kaybedilmek Üzere
511,11,336,639164.86,1,3,2,13,Risk Altında
512,8,335,723872.47,1,3,4,13,Risk Altında
513,4,337,704513.1699999999,3,3,4,33,İlgi Bekleyen
514,3,351,612294.4,4,5,2,45,Sadık Müşteriler
515,3,367,815808.3999999999,4,5,5,45,Sadık Müşteriler
516,3,312,489697.47,4,1,1,41,Umut Veren
517,3,332,602011.14,4,3,2,43,Potansiyel Sadıklar
518,10,337,801634.6200000001,1,3,5,13,Risk Altında
519,5,309,610978.0700000001,2,1,2,21,Uykuda
520,3,338,710097.8,4,4,4,44,Sadık Müşteriler
521,2,310,580202.9,5,1,1,51,Yeni Müşteriler
522,3,295,597043.47,4,1,1,41,Umut Veren
523,4,384,814866.29,3,5,5,35,Sadık Müşteriler
524,4,334,625283.86,3,3,2,33,İlgi Bekleyen
525,2,319,635552.22,5,2,2,52,Potansiyel Sadıklar
526,4,321,589519.17,3,2,1,32,Uykuya Yakın
527,2,336,647753.8300000001,5,3,3,53,Potansiyel Sadıklar
528,3,330,786335.6500000001,4,3,5,43,Potansiyel Sadıklar
529,8,332,697678.91,1,3,4,13,Risk Altında
530,2,330,656838.0700000001,5,3,3,53,Potansiyel Sadıklar
531,3,347,561410.5800000001,4,4,1,44,Sadık Müşteriler
532,3,304,719150.05,4,1,4,41,Umut Veren
533,3,365,740024.21,4,5,4,45,Sadık Müşteriler
534,3,317,611766.79,4,1,2,41,Umut Veren
535,8,324,671787.76,1,2,3,12,Uykuda
536,4,346,802616.0900000001,3,4,5,34,Sadık Müşteriler
537,7,335,737849.9400000001,2,3,4,23,Risk Altında
538,22,313,690045.06,1,1,3,11,Uykuda
539,3,355,604465.4100000001,4,5,2,45,Sadık Müşteriler
540,2,340,833354.28,5,4,5,54,Şampiyonlar
541,5,364,785992.23,2,5,5,25,Kaybedilmek Üzere
542,8,338,734556.3500000001,1,4,4,14,Risk Altında
543,2,308,567786.53,5,1,1,51,Yeni Müşteriler
544,7,321,639437.9199999999,2,2,2,22,Uykuda
545,4,330,666424.65,3,3,3,33,İlgi Bekleyen
546,6,341,714230.09,2,4,4,24,Risk Altında
547,4,343,762032.45,3,4,5,34,Sadık Müşteriler
548,4,349,937494.91,3,5,5,35,Sadık Müşteriler
549,3,330,631047.3200000001,4,3,2,43,Potansiyel Sadıklar
550,3,313,649205.03,4,1,3,41,Umut Veren
551,3,343,608101.59,4,4,2,44,Sadık Müşteriler
552,9,328,540800.73,1,2,1,12,Uykuda
553,12,313,536004.0,1,1,1,11,Uykuda
554,3,306,676130.3799999999,4,1,3,41,Umut Veren
555,5,319,576289.8400000001,2,2,1,22,Uykuda
556,5,368,745703.6200000001,2,5,5,25,Kaybedilmek Üzere
557,4,348,721788.01,3,4,4,34,Sadık Müşteriler
558,2,357,694691.04,5,5,4,55,Şampiyonlar
559,4,319,630900.03,3,2,2,32,Uykuya Yakın
560,2,336,755931.86,5,3,5,53,Potansiyel Sadıklar
561,2,307,570676.53,5,1,1,51,Yeni Müşteriler
562,3,338,637409.84,4,4,2,44,Sadık Müşteriler
563,3,320,589976.05,4,2,1,42,Potansiyel Sadıklar
564,5,326,758186.65,2,2,5,22,Uykuda
565,3,330,677346.24,4,3,3,43,Potansiyel Sadıklar
566,3,345,759826.59,4,4,5,44,Sadık Müşteriler
567,10,333,802018.6400000001,1,3,5,13,Risk Altında
568,5,311,531206.86,2,1,1,21,Uykuda
569,2,385,850464.83,5,5,5,55,Şampiyonlar
570,2,331,615688.6499999999,5,3,2,53,Potansiyel Sadıklar
571,8,360,779660.2299999999,1,5,5,15,Kaybedilmek Üzere
572,2,330,808169.3099999999,5,3,5,53,Potansiyel Sadıklar
573,2,336,709650.97,5,3,4,53,Potansiyel Sadıklar
574,3,356,654929.54,4,5,3,45,Sadık Müşteriler
575,5,311,818590.8400000001,2,1,5,21,Uykuda
576,2,328,712531.8400000001,5,2,4,52,Potansiyel Sadıklar
577,10,315,635490.14,1,1,2,11,Uykuda
578,3,340,831576.28,4,4,5,44,Sadık Müşteriler
579,2,344,610164.36,5,4,2,54,Şampiyonlar
580,4,322,676721.3099999999,3,2,3,32,Uykuya Yakın
581,2,329,599399.31,5,3,1,53,Potansiyel Sadıklar
582,5,312,600627.62,2,1,1,21,Uykuda
583,2,317,666251.0800000001,5,1,3,51,Yeni Müşteriler
584,7,346,657821.5900000001,2,4,3,24,Risk Altında
585,9,327,676161.27,1,2,3,12,Uykuda
586,4,346,643347.25,3,4,2,34,Sadık Müşteriler
587,7,342,701114.93,2,4,4,24,Risk Altında
588,4,356,686770.54,3,5,3,35,Sadık Müşteriler
589,2,345,757493.94,5,4,5,54,Şampiyonlar
590,5,345,710494.26,2,4,4,24,Risk Altında
591,8,323,566135.4,1,2,1,12,Uykuda
592,2,354,729616.78,5,5,4,55,Şampiyonlar
593,3,368,697573.59,4,5,4,45,Sadık Müşteriler
594,2,349,724018.79,5,5,4,55,Şampiyonlar
595,4,356,809770.06,3,5,5,35,Sadık Müşteriler
596,5,346,702592.06,2,4,4,24,Risk Altında
597,2,342,709356.0800000001,5,4,4,54,Şampiyonlar
598,2,319,594287.9299999999,5,2,1,52,Potansiyel Sadıklar
599,2,346,729270.72,5,4,4,54,Şampiyonlar
600,4,339,744284.06,3,4,5,34,Sadık Müşteriler
601,3,315,704535.3799999999,4,1,4,41,Umut Veren
602,3,287,646593.38,4,1,3,41,Umut Veren
603,7,314,604420.96,2,1,2,21,Uykuda
604,4,368,689210.1599999999,3,5,3,35,Sadık Müşteriler
605,3,304,462537.33999999997,4,1,1,41,Umut Veren
606,3,322,706962.62,4,2,4,42,Potansiyel Sadıklar
607,9,340,710451.69,1,4,4,14,Risk Altında
608,6,324,608588.76,2,2,2,22,Uykuda
609,4,318,694105.49,3,2,4,32,Uykuya Yakın
610,4,363,694394.53,3,5,4,35,Sadık Müşteriler
611,7,325,513671.8699999999,2,2,1,22,Uykuda
612,8,347,713087.9099999999,1,4,4,14,Risk Altında
613,11,315,598053.91,1,1,1,11,Uykuda
614,2,334,739775.0599999999,5,3,4,53,Potansiyel Sadıklar
615,11,325,555117.97,1,2,1,12,Uykuda
616,5,318,483728.31,2,2,1,22,Uykuda
617,7,352,753927.83,2,5,5,25,Kaybedilmek Üzere
618,4,310,759380.3700000001,3,1,5,31,Uykuya Yakın
619,5,318,624856.31,2,2,2,22,Uykuda
620,2,358,730287.04,5,5,4,55,Şampiyonlar
621,3,316,682596.1,4,1,3,41,Umut Veren
622,3,343,759549.65,4,4,5,44,Sadık Müşteriler
623,3,340,674732.6300000001,4,4,3,44,Sadık Müşteriler
624,2,333,635442.3500000001,5,3,2,53,Potansiyel Sadıklar
625,2,342,898532.15,5,4,5,54,Şampiyonlar
626,11,330,645861.75,1,3,2,13,Risk Altında
627,2,350,744448.8099999998,5,5,5,55,Şampiyonlar
628,5,310,554714.77,2,1,1,21,Uykuda
629,8,321,712853.24,1,2,4,12,Uykuda
630,6,333,639502.53,2,3,2,23,Risk Altında
631,2,322,719132.0900000001,5,2,4,52,Potansiyel Sadıklar
632,3,331,679138.55,4,3,3,43,Potansiyel Sadıklar
633,17,325,646176.98,1,2,3,12,Uykuda
634,17,347,637280.81,1,4,2,14,Risk Altında
635,6,333,633587.54,2,3,2,23,Risk Altında
636,7,333,808223.52,2,3,5,23,Risk Altında
637,2,322,730399.0700000001,5,2,4,52,Potansiyel Sadıklar
638,3,354,627850.8799999999,4,5,2,45,Sadık Müşteriler
639,7,338,599946.22,2,4,1,24,Risk Altında
640,14,333,599296.6399999999,1,3,1,13,Risk Altında
641,4,328,697602.84,3,2,4,32,Uykuya Yakın
642,3,356,640306.7000000001,4,5,2,45,Sadık Müşteriler
643,4,314,674066.31,3,1,3,31,Uykuya Yakın
644,3,322,642324.64,4,2,2,42,Potansiyel Sadıklar
645,2,330,719102.8899999999,5,3,4,53,Potansiyel Sadıklar
646,2,318,611564.8300000001,5,2,2,52,Potansiyel Sadıklar
647,5,359,801957.8900000001,2,5,5,25,Kaybedilmek Üzere
648,10,320,580426.02,1,2,1,12,Uykuda
649,2,353,776562.31,5,5,5,55,Şampiyonlar
650,17,343,672526.4199999999,1,4,3,14,Risk Altında
651,3,332,736223.96,4,3,4,43,Potansiyel Sadıklar
652,4,321,612975.86,3,2,2,32,Uykuya Yakın
653,10,367,804334.9,1,5,5,15,Kaybedilmek Üzere
654,5,338,757698.59,2,4,5,24,Risk Altında
655,3,306,723342.4199999999,4,1,4,41,Umut Veren
656,9,358,793346.07,1,5,5,15,Kaybedilmek Üzere
657,2,354,688161.75,5,5,3,55,Şampiyonlar
658,2,314,580186.4500000001,5,1,1,51,Yeni Müşteriler
659,2,332,572154.25,5,3,1,53,Potansiyel Sadıklar
660,12,377,840243.23,1,5,5,15,Kaybedilmek Üzere
661,2,351,710176.6699999999,5,5,4,55,Şampiyonlar
662,11,352,655555.55,1,5,3,15,Kaybedilmek Üzere
663,2,341,706620.4299999999,5,4,4,54,Şampiyonlar
664,7,323,620877.04,2,2,2,22,Uykuda
665,5,360,851882.5099999999,2,5,5,25,Kaybedilmek Üzere
666,3,364,568958.04,4,5,1,45,Sadık Müşteriler
667,8,360,745854.09,1,5,5,15,Kaybedilmek Üzere
668,3,358,713785.71,4,5,4,45,Sadık Müşteriler
669,8,345,631741.25,1,4,2,14,Risk Altında
670,2,372,608070.01,5,5,2,55,Şampiyonlar
671,2,320,633475.31,5,2,2,52,Potansiyel Sadıklar
672,4,301,545710.54,3,1,1,31,Uykuya Yakın
673,3,338,814948.27,4,4,5,44,Sadık Müşteriler
674,3,311,612393.75,4,1,2,41,Umut Veren
675,2,325,743863.2899999999,5,2,5,52,Potansiyel Sadıklar
676,2,369,705193.43,5,5,4,55,Şampiyonlar
677,3,308,580159.81,4,1,1,41,Umut Veren
678,4,381,619285.37,3,5,2,35,Sadık Müşteriler
679,3,341,751834.03,4,4,5,44,Sadık Müşteriler
680,9,317,720797.37,1,1,4,11,Uykuda
681,8,332,595094.24,1,3,1,13,Risk Altında
682,2,344,658140.4,5,4,3,54,Şampiyonlar
683,4,324,509168.65,3,2,1,32,Uykuya Yakın
684,8,346,713811.3,1,4,4,14,Risk Altında
685,3,376,685299.87,4,5,3,45,Sadık Müşteriler
686,2,321,638972.48,5,2,2,52,Potansiyel Sadıklar
687,4,347,791469.25,3,4,5,34,Sadık Müşteriler
688,4,323,599096.21,3,2,1,32,Uykuya Yakın
689,9,326,583904.0,1,2,1,12,Uykuda
690,6,363,758312.34,2,5,5,25,Kaybedilmek Üzere
691,4,324,529858.38,3,2,1,32,Uykuya Yakın
692,12,338,658828.21,1,4,3,14,Risk Altında
693,3,306,580043.97,4,1,1,41,Umut Veren
694,3,329,628410.2899999999,4,3,2,43,Potansiyel Sadıklar
695,3,331,680415.0700000001,4,3,3,43,Potansiyel Sadıklar
696,3,318,608832.3799999999,4,2,2,42,Potansiyel Sadıklar
697,8,318,770172.4299999999,1,2,5,12,Uykuda
698,4,336,836109.27,3,3,5,33,İlgi Bekleyen
699,3,320,659579.52,4,2,3,42,Potansiyel Sadıklar
700,9,302,681660.5700000001,1,1,3,11,Uykuda
701,2,353,654839.56,5,5,3,55,Şampiyonlar
702,3,308,699551.2899999999,4,1,4,41,Umut Veren
703,17,351,663432.53,1,5,3,15,Kaybedilmek Üzere
704,5,288,529161.85,2,1,1,21,Uykuda
705,2,321,635919.1000000001,5,2,2,52,Potansiyel Sadıklar
706,6,339,758034.09,2,4,5,24,Risk Altında
707,10,323,597126.5900000001,1,2,1,12,Uykuda
708,2,349,727938.3400000001,5,5,4,55,Şampiyonlar
709,5,343,847074.47,2,4,5,24,Risk Altında
710,2,295,637583.6499999999,5,1,2,51,Yeni Müşteriler
711,4,327,710748.9099999999,3,2,4,32,Uykuya Yakın
712,10,319,620344.8,1,2,2,12,Uykuda
713,8,338,704312.16,1,4,4,14,Risk Altında
714,5,332,708031.11,2,3,4,23,Risk Altında
715,2,339,716715.36,5,4,4,54,Şampiyonlar
716,3,353,743894.54,4,5,5,45,Sadık Müşteriler
717,3,364,723920.9299999999,4,5,4,45,Sadık Müşteriler
718,4,323,709397.06,3,2,4,32,Uykuya Yakın
719,3,334,732368.95,4,3,4,43,Potansiyel Sadıklar
720,2,338,590757.22,5,4,1,54,Şampiyonlar
721,11,322,575871.03,1,2,1,12,Uykuda
722,10,306,646917.9400000001,1,1,3,11,Uykuda
723,6,353,794170.81,2,5,5,25,Kaybedilmek Üzere
724,3,353,784758.4800000001,4,5,5,45,Sadık Müşteriler
725,3,372,794676.27,4,5,5,45,Sadık Müşteriler
726,2,331,631263.98,5,3,2,53,Potansiyel Sadıklar
727,10,349,673635.23,1,5,3,15,Kaybedilmek Üzere
728,16,292,470673.63999999996,1,1,1,11,Uykuda
729,2,311,578494.76,5,1,1,51,Yeni Müşteriler
730,7,342,641171.0,2,4,2,24,Risk Altında
731,3,316,629619.07,4,1,2,41,Umut Veren
732,3,353,601289.65,4,5,2,45,Sadık Müşteriler
733,2,307,484584.12,5,1,1,51,Yeni Müşteriler
734,14,344,778640.52,1,4,5,14,Risk Altında
735,2,330,726649.2799999999,5,3,4,53,Potansiyel Sadıklar
736,3,317,656324.9299999999,4,1,3,41,Umut Veren
737,3,345,710621.41,4,4,4,44,Sadık Müşteriler
738,12,340,774204.48,1,4,5,14,Risk Altında
739,4,326,617733.5800000001,3,2,2,32,Uykuya Yakın
740,2,317,645250.38,5,1,2,51,Yeni Müşteriler
741,5,357,642235.59,2,5,2,25,Kaybedilmek Üzere
742,5,321,495042.29000000004,2,2,1,22,Uykuda
743,3,342,774597.6499999999,4,4,5,44,Sadık Müşteriler
744,6,318,640135.38,2,2,2,22,Uykuda
745,4,340,672166.7100000001,3,4,3,34,Sadık Müşteriler
746,3,316,617063.6499999999,4,1,2,41,Umut Veren
747,4,331,736959.1,3,3,4,33,İlgi Bekleyen
748,3,317,720310.04,4,1,4,41,Umut Veren
749,4,360,531253.5800000001,3,5,1,35,Sadık Müşteriler
750,16,306,740539.4299999999,1,1,4,11,Uykuda
751,6,341,729045.6599999999,2,4,4,24,Risk Altında
752,4,354,624583.7,3,5,2,35,Sadık Müşteriler
753,13,361,641720.74,1,5,2,15,Kaybedilmek Üzere
754,3,335,697909.5899999999,4,3,4,43,Potansiyel Sadıklar
755,2,297,615487.51,5,1,2,51,Yeni Müşteriler
756,3,344,844774.69,4,4,5,44,Sadık Müşteriler
757,2,323,758546.05,5,2,5,52,Potansiyel Sadıklar
758,5,381,881545.9099999999,2,5,5,25,Kaybedilmek Üzere
759,2,349,752636.2,5,5,5,55,Şampiyonlar
760,2,319,608832.82,5,2,2,52,Potansiyel Sadıklar
761,2,345,560326.35,5,4,1,54,Şampiyonlar
762,3,344,607077.4400000001,4,4,2,44,Sadık Müşteriler
763,3,308,613864.6399999999,4,1,2,41,Umut Veren
764,8,355,675737.75,1,5,3,15,Kaybedilmek Üzere
765,9,349,550277.6000000001,1,5,1,15,Kaybedilmek Üzere
766,4,322,531885.4199999999,3,2,1,32,Uykuya Yakın
767,3,321,671046.9200000002,4,2,3,42,Potansiyel Sadıklar
768,3,310,547597.6699999999,4,1,1,41,Umut Veren
769,6,322,710507.77,2,2,4,22,Uykuda
770,6,379,630427.29,2,5,2,25,Kaybedilmek Üzere
771,13,292,669486.79,1,1,3,11,Uykuda
772,2,339,791576.3099999999,5,4,5,54,Şampiyonlar
773,11,336,706596.99,1,3,4,13,Risk Altında
774,7,316,590248.28,2,1,1,21,Uykuda
775,3,318,656585.26,4,2,3,42,Potansiyel Sadıklar
776,3,313,583453.4299999999,4,1,1,41,Umut Veren
777,6,317,697370.46,2,1,4,21,Uykuda
778,2,340,651653.51,5,4,3,54,Şampiyonlar
779,8,307,624211.27,1,1,2,11,Uykuda
780,4,358,697566.77,3,5,4,35,Sadık Müşteriler
781,3,349,851222.44,4,5,5,45,Sadık Müşteriler
782,5,330,656589.5800000001,2,3,3,23,Risk Altında
783,3,328,650850.5399999999,4,2,3,42,Potansiyel Sadıklar
784,5,331,649662.6600000001,2,3,3,23,Risk Altında
785,2,322,667655.8300000001,5,2,3,52,Potansiyel Sadıklar
786,3,333,566678.44,4,3,1,43,Potansiyel Sadıklar
787,8,339,741198.6799999999,1,4,4,14,Risk Altında
788,15,322,670829.4099999999,1,2,3,12,Uykuda
789,5,346,711455.56,2,4,4,24,Risk Altında
790,3,349,746139.63,4,5,5,45,Sadık Müşteriler
791,5,320,629229.3200000001,2,2,2,22,Uykuda
792,6,338,584313.52,2,4,1,24,Risk Altında
793,3,327,641846.3099999999,4,2,2,42,Potansiyel Sadıklar
794,15,323,696766.35,1,2,4,12,Uykuda
795,2,307,660515.3800000001,5,1,3,51,Yeni Müşteriler
796,14,323,780193.52,1,2,5,12,Uykuda
797,2,306,546572.48,5,1,1,51,Yeni Müşteriler
798,5,359,681109.52,2,5,3,25,Kaybedilmek Üzere
799,2,358,730974.87,5,5,4,55,Şampiyonlar
800,3,333,613599.6099999999,4,3,2,43,Potansiyel Sadıklar
801,4,356,841688.26,3,5,5,35,Sadık Müşteriler
802,2,335,695606.49,5,3,4,53,Potansiyel Sadıklar
803,17,321,674064.14,1,2,3,12,Uykuda
804,6,357,750982.8400000001,2,5,5,25,Kaybedilmek Üzere
805,4,311,545519.48,3,1,1,31,Uykuya Yakın
806,2,345,619312.53,5,4,2,54,Şampiyonlar
807,2,327,689027.44,5,2,3,52,Potansiyel Sadıklar
808,8,318,769632.9400000001,1,2,5,12,Uykuda
809,3,311,568129.72,4,1,1,41,Umut Veren
810,5,340,729209.9299999999,2,4,4,24,Risk Altında
811,3,296,654665.8699999999,4,1,3,41,Umut Veren
812,8,327,551364.2899999999,1,2,1,12,Uykuda
813,2,336,840144.74,5,3,5,53,Potansiyel Sadıklar
814,5,331,555337.3699999999,2,3,1,23,Risk Altında
815,3,304,612098.21,4,1,2,41,Umut Veren
816,5,336,719861.6000000001,2,3,4,23,Risk Altında
817,2,374,767839.0599999999,5,5,5,55,Şampiyonlar
818,16,321,635082.19,1,2,2,12,Uykuda
819,4,346,597634.56,3,4,1,34,Sadık Müşteriler
820,9,337,649340.75,1,3,3,13,Risk Altında
821,6,323,715050.1199999999,2,2,4,22,Uykuda
822,6,304,662224.6200000001,2,1,3,21,Uykuda
823,7,320,769731.54,2,2,5,22,Uykuda
824,9,322,516262.07,1,2,1,12,Uykuda
825,2,378,767761.71,5,5,5,55,Şampiyonlar
826,11,344,762703.0700000001,1,4,5,14,Risk Altında
827,5,347,697151.52,2,4,4,24,Risk Altında
828,4,329,589708.99,3,3,1,33,İlgi Bekleyen
829,3,333,801931.78,4,3,5,43,Potansiyel Sadıklar
830,3,337,678867.3,4,3,3,43,Potansiyel Sadıklar
831,4,347,710360.35,3,4,4,34,Sadık Müşteriler
832,2,350,628763.8200000001,5,5,2,55,Şampiyonlar
833,5,357,814378.08,2,5,5,25,Kaybedilmek Üzere
834,3,305,609067.1,4,1,2,41,Umut Veren
835,3,330,694039.6799999999,4,3,4,43,Potansiyel Sadıklar
836,3,351,605985.01,4,5,2,45,Sadık Müşteriler
837,6,341,707353.03,2,4,4,24,Risk Altında
838,2,339,770835.4199999999,5,4,5,54,Şampiyonlar
839,2,365,733250.52,5,5,4,55,Şampiyonlar
840,4,326,683390.25,3,2,3,32,Uykuya Yakın
841,12,310,581247.96,1,1,1,11,Uykuda
842,5,328,676668.22,2,2,3,22,Uykuda
843,2,337,564745.26,5,3,1,53,Potansiyel Sadıklar
844,3,334,671696.94,4,3,3,43,Potansiyel Sadıklar
845,6,343,800100.97,2,4,5,24,Risk Altında
846,2,354,671602.21,5,5,3,55,Şampiyonlar
847,4,374,840599.23,3,5,5,35,Sadık Müşteriler
848,2,345,711483.48,5,4,4,54,Şampiyonlar
849,3,339,717474.12,4,4,4,44,Sadık Müşteriler
850,3,302,529302.81,4,1,1,41,Umut Veren
851,2,337,720635.96,5,3,4,53,Potansiyel Sadıklar
852,3,348,686775.72,4,4,3,44,Sadık Müşteriler
853,8,319,692264.78,1,2,4,12,Uykuda
854,6,340,610168.7,2,4,2,24,Risk Altında
855,4,363,816144.6000000001,3,5,5,35,Sadık Müşteriler
856,4,363,782763.87,3,5,5,35,Sadık Müşteriler
857,2,302,571834.99,5,1,1,51,Yeni Müşteriler
858,3,321,635425.6499999999,4,2,2,42,Potansiyel Sadıklar
859,2,317,641885.8099999999,5,1,2,51,Yeni Müşteriler
860,4,367,799077.1699999999,3,5,5,35,Sadık Müşteriler
861,11,316,747084.5900000001,1,1,5,11,Uykuda
862,2,335,675143.53,5,3,3,53,Potansiyel Sadıklar
863,3,347,710013.29,4,4,4,44,Sadık Müşteriler
864,4,316,710897.6099999999,3,1,4,31,Uykuya Yakın
865,7,333,730148.02,2,3,4,23,Risk Altında
866,5,357,693288.36,2,5,4,25,Kaybedilmek Üzere
867,4,323,582499.28,3,2,1,32,Uykuya Yakın
868,3,347,541513.2200000001,4,4,1,44,Sadık Müşteriler
869,4,300,689809.6799999999,3,1,3,31,Uykuya Yakın
870,2,338,746378.51,5,4,5,54,Şampiyonlar
871,2,296,632534.4,5,1,2,51,Yeni Müşteriler
872,3,324,773033.95,4,2,5,42,Potansiyel Sadıklar
873,4,334,710441.71,3,3,4,33,İlgi Bekleyen
874,22,297,593912.8099999999,1,1,1,11,Uykuda
875,3,343,640974.99,4,4,2,44,Sadık Müşteriler
876,3,342,797271.5899999999,4,4,5,44,Sadık Müşteriler
877,2,316,745456.7300000001,5,1,5,51,Yeni Müşteriler
878,4,360,859138.87,3,5,5,35,Sadık Müşteriler
879,3,316,540190.96,4,1,1,41,Umut Veren
880,3,358,874435.29,4,5,5,45,Sadık Müşteriler
881,3,310,596999.16,4,1,1,41,Umut Veren
882,2,300,576941.28,5,1,1,51,Yeni Müşteriler
883,2,308,556594.41,5,1,1,51,Yeni Müşteriler
884,6,348,661649.36,2,4,3,24,Risk Altında
885,6,339,656711.6399999999,2,4,3,24,Risk Altında
886,7,320,565478.95,2,2,1,22,Uykuda
887,3,339,635076.01,4,4,2,44,Sadık Müşteriler
888,9,338,782116.7999999999,1,4,5,14,Risk Altında
889,2,352,705471.61,5,5,4,55,Şampiyonlar
890,2,333,664223.89,5,3,3,53,Potansiyel Sadıklar
891,10,325,616739.13,1,2,2,12,Uykuda
892,6,290,576578.54,2,1,1,21,Uykuda
893,3,324,478519.69,4,2,1,42,Potansiyel Sadıklar
894,3,343,539883.47,4,4,1,44,Sadık Müşteriler
895,11,318,612793.33,1,2,2,12,Uykuda
896,6,339,815317.49,2,4,5,24,Risk Altında
897,2,332,715776.89,5,3,4,53,Potansiyel Sadıklar
898,4,303,507516.75,3,1,1,31,Uykuya Yakın
899,4,341,706261.6599999999,3,4,4,34,Sadık Müşteriler
900,6,354,721588.55,2,5,4,25,Kaybedilmek Üzere
901,2,346,693068.71,5,4,4,54,Şampiyonlar
902,5,325,732028.73,2,2,4,22,Uykuda
903,3,320,615218.1,4,2,2,42,Potansiyel Sadıklar
904,5,361,684036.1599999999,2,5,3,25,Kaybedilmek Üzere
905,2,347,712852.5700000001,5,4,4,54,Şampiyonlar
906,2,326,601700.78,5,2,2,52,Potansiyel Sadıklar
907,3,339,703429.69,4,4,4,44,Sadık Müşteriler
908,2,321,557054.3800000001,5,2,1,52,Potansiyel Sadıklar
909,11,324,547373.45,1,2,1,12,Uykuda
910,2,329,622558.4299999999,5,3,2,53,Potansiyel Sadıklar
911,12,351,845928.8899999999,1,5,5,15,Kaybedilmek Üzere
912,3,350,760370.1200000001,4,5,5,45,Sadık Müşteriler
913,2,305,505822.60000000003,5,1,1,51,Yeni Müşteriler
914,3,329,790869.31,4,3,5,43,Potansiyel Sadıklar
915,6,321,714961.3700000001,2,2,4,22,Uykuda
916,2,301,487276.69000000006,5,1,1,51,Yeni Müşteriler
917,6,309,573897.82,2,1,1,21,Uykuda
918,4,333,674506.78,3,3,3,33,İlgi Bekleyen
919,2,318,611309.36,5,2,2,52,Potansiyel Sadıklar
920,2,354,624653.98,5,5,2,55,Şampiyonlar
921,3,375,839006.61,4,5,5,45,Sadık Müşteriler
922,8,295,496148.52999999997,1,1,1,11,Uykuda
923,7,332,635112.6,2,3,2,23,Risk Altında
924,3,351,571474.29,4,5,1,45,Sadık Müşteriler
925,5,335,790669.47,2,3,5,23,Risk Altında
926,3,335,582695.0700000001,4,3,1,43,Potansiyel Sadıklar
927,2,328,600421.34,5,2,1,52,Potansiyel Sadıklar
928,10,349,673545.8400000001,1,5,3,15,Kaybedilmek Üzere
929,5,338,776626.3699999999,2,4,5,24,Risk Altında
930,8,321,704032.82,1,2,4,12,Uykuda
931,8,348,617048.08,1,4,2,14,Risk Altında
932,3,343,589432.0,4,4,1,44,Sadık Müşteriler
933,2,343,714250.03,5,4,4,54,Şampiyonlar
934,22,314,557359.83,1,1,1,11,Uykuda
935,2,374,569926.8400000001,5,5,1,55,Şampiyonlar
936,5,330,622924.1799999999,2,3,2,23,Risk Altında
937,4,321,605189.1,3,2,2,32,Uykuya Yakın
938,17,337,673915.0700000001,1,3,3,13,Risk Altında
939,2,342,627470.54,5,4,2,54,Şampiyonlar
940,5,339,685584.8999999999,2,4,3,24,Risk Altında
941,2,365,938565.0899999999,5,5,5,55,Şampiyonlar
942,11,306,696305.57,1,1,4,11,Uykuda
943,6,339,572791.02,2,4,1,24,Risk Altında
944,3,357,793014.5800000001,4,5,5,45,Sadık Müşteriler
945,2,326,641885.78,5,2,2,52,Potansiyel Sadıklar
946,4,366,876994.74,3,5,5,35,Sadık Müşteriler
947,4,340,574241.95,3,4,1,34,Sadık Müşteriler
948,8,368,764926.0700000001,1,5,5,15,Kaybedilmek Üzere
949,6,313,804575.5800000001,2,1,5,21,Uykuda
950,2,320,688032.98,5,2,3,52,Potansiyel Sadıklar
951,7,338,636286.8899999999,2,4,2,24,Risk Altında
952,3,344,695743.44,4,4,4,44,Sadık Müşteriler
953,2,364,742670.01,5,5,5,55,Şampiyonlar
954,4,321,710358.63,3,2,4,32,Uykuya Yakın
955,2,352,742850.48,5,5,5,55,Şampiyonlar
956,3,341,606925.56,4,4,2,44,Sadık Müşteriler
957,4,321,534685.3500000001,3,2,1,32,Uykuya Yakın
958,5,334,669279.98,2,3,3,23,Risk Altında
959,4,361,626724.1400000001,3,5,2,35,Sadık Müşteriler
960,5,334,702112.6800000002,2,3,4,23,Risk Altında
961,3,333,715433.71,4,3,4,43,Potansiyel Sadıklar
962,10,345,620717.37,1,4,2,14,Risk Altında
963,2,364,796290.87,5,5,5,55,Şampiyonlar
964,3,325,712438.8699999999,4,2,4,42,Potansiyel Sadıklar
965,2,284,484905.34,5,1,1,51,Yeni Müşteriler
966,4,306,557025.99,3,1,1,31,Uykuya Yakın
967,7,330,677123.8999999999,2,3,3,23,Risk Altında
968,4,338,593954.97,3,4,1,34,Sadık Müşteriler
969,5,288,538144.2899999999,2,1,1,21,Uykuda
970,2,325,818677.9400000001,5,2,5,52,Potansiyel Sadıklar
971,3,330,638238.5800000001,4,3,2,43,Potansiyel Sadıklar
972,2,325,818410.64,5,2,5,52,Potansiyel Sadıklar
973,9,330,716786.1399999999,1,3,4,13,Risk Altında
974,2,324,653690.44,5,2,3,52,Potansiyel Sadıklar
975,7,320,703586.76,1,2,4,12,Uykuda
976,3,353,610913.88,4,5,2,45,Sadık Müşteriler
977,2,301,545941.75,5,1,1,51,Yeni Müşteriler
978,2,335,631706.53,5,3,2,53,Potansiyel Sadıklar
979,5,331,682858.57,2,3,3,23,Risk Altında
980,2,333,656628.47,5,3,3,53,Potansiyel Sadıklar
981,7,339,619678.9299999999,1,4,2,14,Risk Altında
982,2,349,728476.86,5,5,4,55,Şampiyonlar
983,3,354,854897.09,4,5,5,45,Sadık Müşteriler
984,3,367,584713.01,4,5,1,45,Sadık Müşteriler
985,6,311,684628.8,2,1,3,21,Uykuda
986,6,303,634265.73,2,1,2,21,Uykuda
987,11,328,600681.56,1,2,1,12,Uykuda
988,4,348,679324.6200000001,3,4,3,34,Sadık Müşteriler
989,15,336,710014.05,1,3,4,13,Risk Altında
990,2,332,593699.6499999999,5,3,1,53,Potansiyel Sadıklar
991,2,363,684022.1100000001,5,5,3,55,Şampiyonlar
992,8,343,626000.8200000001,1,4,2,14,Risk Altında
993,9,326,624705.11,1,2,2,12,Uykuda
994,7,323,608651.92,1,2,2,12,Uykuda
995,2,333,705184.64,5,3,4,53,Potansiyel Sadıklar
996,4,364,767550.9,3,5,5,35,Sadık Müşteriler
997,3,310,530823.1,4,1,1,41,Umut Veren
998,10,321,694931.45,1,2,4,12,Uykuda
999,2,336,630123.84,5,3,2,53,Potansiyel Sadıklar
1000,3,300,679522.0800000001,4,1,3,41,Umut Veren
1001,8,338,532794.02,1,4,1,14,Risk Altında
1002,2,344,593892.8300000001,5,4,1,54,Şampiyonlar
1003,2,338,618895.13,5,4,2,54,Şampiyonlar
1004,10,298,577663.21,1,1,1,11,Uykuda
1005,7,345,603884.42,1,4,2,14,Risk Altında
1006,5,348,574496.53,2,4,1,24,Risk Altında
1007,2,370,646071.91,5,5,2,55,Şampiyonlar
1008,5,316,619348.71,2,1,2,21,Uykuda
1009,4,337,820216.9299999999,3,3,5,33,İlgi Bekleyen
1010,3,341,667678.49,4,4,3,44,Sadık Müşteriler
1011,4,314,724425.1200000001,3,1,4,31,Uykuya Yakın
1012,11,316,738134.94,1,1,4,11,Uykuda
1013,18,346,671020.9000000001,1,4,3,14,Risk Altında
1014,3,333,656631.15,4,3,3,43,Potansiyel Sadıklar
1015,11,344,730544.6000000001,1,4,4,14,Risk Altında
1016,11,292,548763.3099999999,1,1,1,11,Uykuda
1017,5,317,693552.24,2,1,4,21,Uykuda
1018,5,324,819120.6900000001,2,2,5,22,Uykuda
1019,4,355,496994.74,3,5,1,35,Sadık Müşteriler
1020,6,340,640371.64,2,4,2,24,Risk Altında
1021,3,330,646654.45,4,3,3,43,Potansiyel Sadıklar
1022,4,298,596844.0,3,1,1,31,Uykuya Yakın
1023,3,329,731009.56,4,3,4,43,Potansiyel Sadıklar
1024,12,336,602281.06,1,3,2,13,Risk Altında
1025,2,370,722084.6200000001,5,5,4,55,Şampiyonlar
1026,3,317,605676.3300000001,4,1,2,41,Umut Veren
1027,8,338,771523.31,1,4,5,14,Risk Altında
1028,2,336,809389.49,5,3,5,53,Potansiyel Sadıklar
1029,6,344,705031.8999999999,2,4,4,24,Risk Altında
1030,3,313,614286.5,4,1,2,41,Umut Veren
1031,3,344,596983.02,4,4,1,44,Sadık Müşteriler
1032,4,368,713859.55,3,5,4,35,Sadık Müşteriler
1033,3,281,720356.11,4,1,4,41,Umut Veren
1034,6,314,664318.64,2,1,3,21,Uykuda
1035,2,306,550862.77,5,1,1,51,Yeni Müşteriler
1036,4,319,748181.25,3,2,5,32,Uykuya Yakın
1037,3,308,604262.5599999999,4,1,2,41,Umut Veren
1038,2,328,599695.5900000001,5,2,1,52,Potansiyel Sadıklar
1039,2,355,644832.81,5,5,2,55,Şampiyonlar
1040,7,332,805060.89,1,3,5,13,Risk Altında
1041,4,346,886062.43,3,4,5,34,Sadık Müşteriler
1042,3,343,810765.51,4,4,5,44,Sadık Müşteriler
1043,8,310,581045.56,1,1,1,11,Uykuda
1044,5,340,791815.58,2,4,5,24,Risk Altında
1045,2,350,695333.6100000001,5,5,4,55,Şampiyonlar
1046,11,307,630275.78,1,1,2,11,Uykuda
1047,8,346,662142.5,1,4,3,14,Risk Altında
1048,2,336,604077.1599999999,5,3,2,53,Potansiyel Sadıklar
1049,3,344,697618.48,4,4,4,44,Sadık Müşteriler
1050,11,307,611944.31,1,1,2,11,Uykuda
1051,10,322,545105.3300000001,1,2,1,12,Uykuda
1052,10,329,716009.96,1,3,4,13,Risk Altında
1053,2,313,682314.4099999999,5,1,3,51,Yeni Müşteriler
1054,4,341,571681.4500000001,3,4,1,34,Sadık Müşteriler
1055,10,321,698842.5900000001,1,2,4,12,Uykuda
1056,5,302,493131.12,2,1,1,21,Uykuda
1057,6,326,655083.08,2,2,3,22,Uykuda
1058,5,366,862024.22,2,5,5,25,Kaybedilmek Üzere
1059,3,332,736178.49,4,3,4,43,Potansiyel Sadıklar
1060,6,338,679112.1099999999,2,4,3,24,Risk Altında
1061,9,304,574553.0800000001,1,1,1,11,Uykuda
1062,3,297,564955.54,4,1,1,41,Umut Veren
1063,3,373,758063.1499999999,4,5,5,45,Sadık Müşteriler
1064,2,314,577536.14,5,1,1,51,Yeni Müşteriler
1065,2,296,572761.14,5,1,1,51,Yeni Müşteriler
1066,9,354,918363.3899999999,1,5,5,15,Kaybedilmek Üzere
1067,2,337,690045.07,5,3,3,53,Potansiyel Sadıklar
1068,11,317,680850.64,1,1,3,11,Uykuda
1069,4,321,495271.80000000005,3,2,1,32,Uykuya Yakın
1070,7,326,586751.4,1,2,1,12,Uykuda
1071,4,341,708552.38,3,4,4,34,Sadık Müşteriler
1072,10,332,790996.87,1,3,5,13,Risk Altında
1073,13,332,631283.54,1,3,2,13,Risk Altında
1074,4,321,691190.52,3,2,3,32,Uykuya Yakın
1075,2,378,738577.44,5,5,4,55,Şampiyonlar
1076,8,318,611644.7999999999,1,2,2,12,Uykuda
1077,3,348,727055.91,4,4,4,44,Sadık Müşteriler
1078,2,337,743603.7899999999,5,3,5,53,Potansiyel Sadıklar
1079,3,337,708289.5800000001,4,3,4,43,Potansiyel Sadıklar
1080,3,328,709763.2999999999,4,2,4,42,Potansiyel Sadıklar
1081,6,313,642637.65,2,1,2,21,Uykuda
1082,6,337,672318.4099999999,2,3,3,23,Risk Altında
1083,2,327,686145.21,5,2,3,52,Potansiyel Sadıklar
1084,8,317,625555.4,1,1,2,11,Uykuda
1085,8,343,692018.0900000001,1,4,4,14,Risk Altında
1086,2,345,741542.95,5,4,4,54,Şampiyonlar
1087,2,315,580311.34,5,1,1,51,Yeni Müşteriler
1088,3,359,631015.27,3,5,2,35,Sadık Müşteriler
1089,5,359,704410.63,2,5,4,25,Kaybedilmek Üzere
1090,6,332,713202.03,2,3,4,23,Risk Altında
1091,13,282,533723.8400000001,1,1,1,11,Uykuda
1092,4,329,643392.6900000001,3,3,2,33,İlgi Bekleyen
1093,2,349,625947.96,5,5,2,55,Şampiyonlar
1094,3,366,650352.79,3,5,3,35,Sadık Müşteriler
1095,2,316,549395.6499999999,5,1,1,51,Yeni Müşteriler
1096,2,309,541986.6699999999,5,1,1,51,Yeni Müşteriler
1097,4,344,615072.44,3,4,2,34,Sadık Müşteriler
1098,13,337,713507.1399999999,1,3,4,13,Risk Altında
1099,2,326,800881.1199999999,5,2,5,52,Potansiyel Sadıklar
1100,5,349,806518.5900000001,2,5,5,25,Kaybedilmek Üzere
1101,2,347,840649.05,5,4,5,54,Şampiyonlar
1102,2,349,635408.0499999999,5,5,2,55,Şampiyonlar
1103,10,362,775633.3200000001,1,5,5,15,Kaybedilmek Üzere
1104,12,323,747359.8300000001,1,2,5,12,Uykuda
1105,2,354,610049.53,5,5,2,55,Şampiyonlar
1106,2,351,657502.97,5,5,3,55,Şampiyonlar
1107,18,318,549070.21,1,2,1,12,Uykuda
1108,4,361,705688.96,3,5,4,35,Sadık Müşteriler
1109,2,310,614154.61,5,1,2,51,Yeni Müşteriler
1110,3,311,675913.4000000001,3,1,3,31,Uykuya Yakın
1111,3,343,637132.45,3,4,2,34,Sadık Müşteriler
1112,9,315,655407.1000000001,1,1,3,11,Uykuda
1113,4,346,799414.49,3,4,5,34,Sadık Müşteriler
1114,3,315,564951.9199999999,3,1,1,31,Uykuya Yakın
1115,2,320,638447.4600000001,5,2,2,52,Potansiyel Sadıklar
1116,14,337,688722.86,1,3,3,13,Risk Altında
1117,2,351,591046.44,5,5,1,55,Şampiyonlar
1118,4,309,587667.91,3,1,1,31,Uykuya Yakın
1119,9,328,680953.3400000001,1,2,3,12,Uykuda
1120,6,372,894320.24,2,5,5,25,Kaybedilmek Üzere
1121,3,312,701457.96,3,1,4,31,Uykuya Yakın
1122,17,324,691392.0499999999,1,2,3,12,Uykuda
1123,2,334,654297.03,5,3,3,53,Potansiyel Sadıklar
1124,5,355,650340.24,2,5,3,25,Kaybedilmek Üzere
1125,6,314,655970.6,2,1,3,21,Uykuda
1126,4,319,693981.1799999999,3,2,4,32,Uykuya Yakın
1127,5,334,686576.3899999999,2,3,3,23,Risk Altında
1128,4,336,813088.88,3,3,5,33,İlgi Bekleyen
1129,6,326,712141.59,2,2,4,22,Uykuda
1130,5,314,595146.55,2,1,1,21,Uykuda
1131,7,345,709272.84,1,4,4,14,Risk Altında
1132,3,348,628597.73,3,4,2,34,Sadık Müşteriler
1133,5,339,840171.3300000001,2,4,5,24,Risk Altında
1134,3,329,683504.09,3,3,3,33,İlgi Bekleyen
1135,9,332,633785.76,1,3,2,13,Risk Altında
1136,3,355,793094.24,3,5,5,35,Sadık Müşteriler
1137,15,351,758566.9,1,5,5,15,Kaybedilmek Üzere
1138,2,339,517566.38,5,4,1,54,Şampiyonlar
1139,10,315,594721.35,1,1,1,11,Uykuda
1140,3,336,871163.0000000001,3,3,5,33,İlgi Bekleyen
1141,4,343,708356.79,3,4,4,34,Sadık Müşteriler
1142,2,301,610926.9199999999,5,1,2,51,Yeni Müşteriler
1143,15,357,752644.73,1,5,5,15,Kaybedilmek Üzere
1144,3,348,604307.04,3,4,2,34,Sadık Müşteriler
1145,9,330,701248.65,1,3,4,13,Risk Altında
1146,15,343,663861.46,1,4,3,14,Risk Altında
1147,2,317,516143.68000000005,5,1,1,51,Yeni Müşteriler
1148,4,336,610979.97,3,3,2,33,İlgi Bekleyen
1149,5,364,641538.9,2,5,2,25,Kaybedilmek Üzere
1150,7,337,729049.45,1,3,4,13,Risk Altında
1151,7,350,715374.77,1,5,4,15,Kaybedilmek Üzere
1152,4,349,693329.81,3,5,4,35,Sadık Müşteriler
1153,5,334,624612.8200000001,2,3,2,23,Risk Altında
1154,3,367,677371.4299999999,3,5,3,35,Sadık Müşteriler
1155,23,329,631505.96,1,3,2,13,Risk Altında
1156,6,357,810559.46,2,5,5,25,Kaybedilmek Üzere
1157,3,313,783763.2100000001,3,1,5,31,Uykuya Yakın
1158,5,337,690441.4100000001,2,3,3,23,Risk Altında
1159,7,320,617570.74,1,2,2,12,Uykuda
1160,5,320,635407.6,2,2,2,22,Uykuda
1161,14,300,581410.93,1,1,1,11,Uykuda
1162,6,348,751757.4199999999,2,4,5,24,Risk Altında
1163,2,327,845107.14,5,2,5,52,Potansiyel Sadıklar
1164,12,355,725948.5,1,5,4,15,Kaybedilmek Üzere
1165,5,326,723070.5,2,2,4,22,Uykuda
1166,2,348,759918.2799999999,5,4,5,54,Şampiyonlar
1167,3,336,677013.1699999999,3,3,3,33,İlgi Bekleyen
1168,3,354,751726.26,3,5,5,35,Sadık Müşteriler
1169,4,349,704054.73,3,5,4,35,Sadık Müşteriler
1170,8,354,672990.51,1,5,3,15,Kaybedilmek Üzere
1171,9,325,670790.38,1,2,3,12,Uykuda
1172,3,345,821001.45,3,4,5,34,Sadık Müşteriler
1173,3,330,804181.6400000001,3,3,5,33,İlgi Bekleyen
1174,7,323,669647.6099999999,1,2,3,12,Uykuda
1175,2,301,613646.12,5,1,2,51,Yeni Müşteriler
1176,9,328,602296.81,1,2,2,12,Uykuda
1177,3,341,784715.1000000001,3,4,5,34,Sadık Müşteriler
1178,3,343,731514.65,3,4,4,34,Sadık Müşteriler
1179,6,334,715055.4199999999,2,3,4,23,Risk Altında
1180,4,323,593090.05,3,2,1,32,Uykuya Yakın
1181,2,333,657476.0599999999,5,3,3,53,Potansiyel Sadıklar
1182,3,341,590179.78,3,4,1,34,Sadık Müşteriler
1183,8,304,695549.3099999999,1,1,4,11,Uykuda
1184,6,338,619147.6399999999,2,4,2,24,Risk Altında
1185,2,330,607900.72,5,3,2,53,Potansiyel Sadıklar
1186,7,319,604876.9500000001,1,2,2,12,Uykuda
1187,6,317,655197.5,2,1,3,21,Uykuda
1188,4,347,652591.1,3,4,3,34,Sadık Müşteriler
1189,5,316,681109.9,2,1,3,21,Uykuda
1190,4,369,751685.8,3,5,5,35,Sadık Müşteriler
1191,3,316,605938.23,3,1,2,31,Uykuya Yakın
1192,6,332,706000.69,2,3,4,23,Risk Altında
1193,3,317,606717.57,3,1,2,31,Uykuya Yakın
1194,4,338,622630.62,3,4,2,34,Sadık Müşteriler
1195,3,333,682648.5599999999,3,3,3,33,İlgi Bekleyen
1196,6,320,622390.96,2,2,2,22,Uykuda
1197,3,337,808100.24,3,3,5,33,İlgi Bekleyen
1198,2,334,703236.07,4,3,4,43,Potansiyel Sadıklar
1199,3,346,662907.48,3,4,3,34,Sadık Müşteriler
1200,7,344,745491.46,1,4,5,14,Risk Altında
1201,6,337,708941.87,2,3,4,23,Risk Altında
1202,4,298,556219.72,3,1,1,31,Uykuya Yakın
1203,3,300,529330.88,3,1,1,31,Uykuya Yakın
1204,6,318,669353.4899999999,2,2,3,22,Uykuda
1205,3,352,715922.3,3,5,4,35,Sadık Müşteriler
1206,6,318,608806.56,2,2,2,22,Uykuda
1207,2,333,694352.6699999999,4,3,4,43,Potansiyel Sadıklar
1208,3,316,561276.69,3,1,1,31,Uykuya Yakın
1209,3,337,707519.4800000001,3,3,4,33,İlgi Bekleyen
1210,2,328,705432.21,4,2,4,42,Potansiyel Sadıklar
1211,10,337,685367.48,1,3,3,13,Risk Altında
1212,4,321,692752.4500000001,3,2,4,32,Uykuya Yakın
1213,3,294,673660.6799999999,3,1,3,31,Uykuya Yakın
1214,3,316,618756.05,3,1,2,31,Uykuya Yakın
1215,14,332,642790.29,1,3,2,13,Risk Altında
1216,2,323,538263.3300000001,4,2,1,42,Potansiyel Sadıklar
1217,2,326,646146.48,4,2,2,42,Potansiyel Sadıklar
1218,5,349,841802.64,2,5,5,25,Kaybedilmek Üzere
1219,4,322,628289.94,3,2,2,32,Uykuya Yakın
1220,4,333,576886.4199999999,3,3,1,33,İlgi Bekleyen
1221,4,344,746421.58,3,4,5,34,Sadık Müşteriler
1222,4,333,738357.73,3,3,4,33,İlgi Bekleyen
1223,4,329,609269.78,3,3,2,33,İlgi Bekleyen
1224,11,339,632249.71,1,4,2,14,Risk Altında
1225,4,352,805990.79,3,5,5,35,Sadık Müşteriler
1226,3,358,685787.53,3,5,3,35,Sadık Müşteriler
1227,2,382,849061.81,4,5,5,45,Sadık Müşteriler
1228,2,320,504872.95999999996,4,2,1,42,Potansiyel Sadıklar
1229,3,315,567740.28,3,1,1,31,Uykuya Yakın
1230,3,346,752494.51,3,4,5,34,Sadık Müşteriler
1231,3,299,720003.39,3,1,4,31,Uykuya Yakın
1232,2,317,731204.3999999999,4,1,4,41,Umut Veren
1233,3,313,465232.97,3,1,1,31,Uykuya Yakın
1234,18,340,670298.8400000001,1,4,3,14,Risk Altında
1235,2,320,540374.9400000001,4,2,1,42,Potansiyel Sadıklar
1236,3,321,751855.0800000001,3,2,5,32,Uykuya Yakın
1237,9,331,695232.2300000001,1,3,4,13,Risk Altında
1238,2,328,654359.31,4,2,3,42,Potansiyel Sadıklar
1239,4,323,651700.8899999999,3,2,3,32,Uykuya Yakın
1240,12,341,790788.2599999999,1,4,5,14,Risk Altında
1241,3,315,588494.24,3,1,1,31,Uykuya Yakın
1242,3,334,752214.6799999999,3,3,5,33,İlgi Bekleyen
1243,5,327,645412.69,2,2,2,22,Uykuda
1244,7,322,657291.4600000001,1,2,3,12,Uykuda
1245,2,297,617445.8300000001,4,1,2,41,Umut Veren
1246,2,358,866292.44,4,5,5,45,Sadık Müşteriler
1247,8,328,769910.36,1,2,5,12,Uykuda
1248,7,329,533692.7899999999,1,3,1,13,Risk Altında
1249,2,349,765590.89,4,5,5,45,Sadık Müşteriler
1250,3,301,643186.98,3,1,2,31,Uykuya Yakın
1251,2,383,849483.3,4,5,5,45,Sadık Müşteriler
1252,8,351,615992.03,1,5,2,15,Kaybedilmek Üzere
1253,2,324,749301.01,4,2,5,42,Potansiyel Sadıklar
1254,2,349,719002.61,4,5,4,45,Sadık Müşteriler
1255,6,345,629451.41,2,4,2,24,Risk Altında
1256,15,347,696956.39,1,4,4,14,Risk Altında
1257,3,344,794936.49,3,4,5,34,Sadık Müşteriler
1258,3,333,647644.28,3,3,3,33,İlgi Bekleyen
1259,2,368,704559.35,4,5,4,45,Sadık Müşteriler
1260,2,323,719806.8600000001,4,2,4,42,Potansiyel Sadıklar
1261,2,310,666308.28,4,1,3,41,Umut Veren
1262,3,321,594180.26,3,2,1,32,Uykuya Yakın
1263,2,374,813296.57,4,5,5,45,Sadık Müşteriler
1264,3,341,662268.9999999999,3,4,3,34,Sadık Müşteriler
1265,3,319,617704.54,3,2,2,32,Uykuya Yakın
1266,6,330,703604.0700000001,2,3,4,23,Risk Altında
1267,3,341,637091.0800000001,3,4,2,34,Sadık Müşteriler
1268,2,306,705023.5,4,1,4,41,Umut Veren
1269,2,351,623547.8500000001,4,5,2,45,Sadık Müşteriler
1270,7,350,681371.38,1,5,3,15,Kaybedilmek Üzere
1271,2,337,657583.6499999999,4,3,3,43,Potansiyel Sadıklar
1272,9,344,641217.74,1,4,2,14,Risk Altında
1273,4,341,811388.0,3,4,5,34,Sadık Müşteriler
1274,5,342,761090.27,2,4,5,24,Risk Altında
1275,4,352,717472.76,3,5,4,35,Sadık Müşteriler
1276,3,334,663682.3099999999,3,3,3,33,İlgi Bekleyen
1277,3,352,569548.82,3,5,1,35,Sadık Müşteriler
1278,2,367,914657.46,4,5,5,45,Sadık Müşteriler
1279,10,308,616979.43,1,1,2,11,Uykuda
1280,4,302,579837.1100000001,3,1,1,31,Uykuya Yakın
1281,5,353,729129.8799999999,2,5,4,25,Kaybedilmek Üzere
1282,5,366,735506.52,2,5,4,25,Kaybedilmek Üzere
1283,9,327,669952.44,1,2,3,12,Uykuda
1284,3,335,652578.01,3,3,3,33,İlgi Bekleyen
1285,8,311,595557.29,1,1,1,11,Uykuda
1286,5,340,726110.96,2,4,4,24,Risk Altında
1287,5,366,754011.27,2,5,5,25,Kaybedilmek Üzere
1288,15,337,812863.24,1,3,5,13,Risk Altında
1289,3,384,707196.8400000001,3,5,4,35,Sadık Müşteriler
1290,14,323,681759.0199999999,1,2,3,12,Uykuda
1291,4,331,632693.15,3,3,2,33,İlgi Bekleyen
1292,2,330,695633.85,4,3,4,43,Potansiyel Sadıklar
1293,7,327,654125.3500000001,1,2,3,12,Uykuda
1294,2,376,680841.9199999999,4,5,3,45,Sadık Müşteriler
1295,3,329,597614.9500000001,3,3,1,33,İlgi Bekleyen
1296,4,353,709015.95,3,5,4,35,Sadık Müşteriler
1297,3,347,614035.1099999999,3,4,2,34,Sadık Müşteriler
1298,5,354,672836.55,2,5,3,25,Kaybedilmek Üzere
1299,5,373,783438.4299999999,2,5,5,25,Kaybedilmek Üzere
1300,2,342,541306.8600000001,4,4,1,44,Sadık Müşteriler
1301,7,320,757901.61,1,2,5,12,Uykuda
1302,2,322,758079.5700000001,4,2,5,42,Potansiyel Sadıklar
1303,9,331,660955.0700000001,1,3,3,13,Risk Altında
1304,3,328,563758.5800000001,3,3,1,33,İlgi Bekleyen
1305,4,332,559309.06,3,3,1,33,İlgi Bekleyen
1306,7,330,649562.6399999999,1,3,3,13,Risk Altında
1307,3,332,942765.53,3,3,5,33,İlgi Bekleyen
1308,8,316,562472.81,1,1,1,11,Uykuda
1309,2,349,567413.7799999999,4,5,1,45,Sadık Müşteriler
1310,13,348,796274.7,1,4,5,14,Risk Altında
1311,6,315,696083.54,2,1,4,21,Uykuda
1312,8,336,756436.42,1,3,5,13,Risk Altında
1313,8,351,811792.66,1,5,5,15,Kaybedilmek Üzere
1314,13,310,600069.21,1,1,1,11,Uykuda
1315,14,331,637557.5700000001,1,3,2,13,Risk Altında
1316,3,323,633890.61,3,2,2,32,Uykuya Yakın
1317,7,338,754314.65,1,4,5,14,Risk Altında
1318,8,314,631029.26,1,1,2,11,Uykuda
1319,2,317,616844.91,4,1,2,41,Umut Veren
1320,6,323,556810.85,2,2,1,22,Uykuda
1321,4,321,564303.74,3,2,1,32,Uykuya Yakın
1322,3,325,784022.5999999999,3,2,5,32,Uykuya Yakın
1323,7,364,666348.8500000001,1,5,3,15,Kaybedilmek Üzere
1324,2,341,763680.42,4,4,5,44,Sadık Müşteriler
1325,5,324,639450.31,2,2,2,22,Uykuda
1326,6,321,695602.5599999999,2,2,4,22,Uykuda
1327,8,324,569608.76,1,2,1,12,Uykuda
1328,4,326,681664.5900000001,3,2,3,32,Uykuya Yakın
1329,8,368,774510.77,1,5,5,15,Kaybedilmek Üzere
1330,10,301,644319.5,1,1,2,11,Uykuda
1331,5,351,763044.76,2,5,5,25,Kaybedilmek Üzere
1332,4,345,673179.35,3,4,3,34,Sadık Müşteriler
1333,2,333,699720.81,4,3,4,43,Potansiyel Sadıklar
1334,7,325,663503.77,1,2,3,12,Uykuda
1335,2,340,782463.1,4,4,5,44,Sadık Müşteriler
1336,9,340,678441.6799999999,1,4,3,14,Risk Altında
1337,4,324,707740.66,3,2,4,32,Uykuya Yakın
1338,9,324,649929.28,1,2,3,12,Uykuda
1339,3,328,802157.6599999999,3,3,5,33,İlgi Bekleyen
1340,4,327,629631.4099999999,3,2,2,32,Uykuya Yakın
1341,5,346,688005.47,2,4,3,24,Risk Altında
1342,2,333,660701.65,4,3,3,43,Potansiyel Sadıklar
1343,15,333,624931.6100000001,1,3,2,13,Risk Altında
1344,9,300,706578.27,1,1,4,11,Uykuda
1345,4,343,669856.56,3,4,3,34,Sadık Müşteriler
1346,5,331,930709.32,2,3,5,23,Risk Altında
1347,2,330,723209.92,4,3,4,43,Potansiyel Sadıklar
1348,2,307,685025.24,4,1,3,41,Umut Veren
1349,19,355,792752.15,1,5,5,15,Kaybedilmek Üzere
1350,2,319,649698.1799999999,4,2,3,42,Potansiyel Sadıklar
1351,6,327,588342.5899999999,2,2,1,22,Uykuda
1352,7,340,788251.23,1,4,5,14,Risk Altında
1353,4,333,681486.31,3,3,3,33,İlgi Bekleyen
1354,8,318,546719.1699999999,1,2,1,12,Uykuda
1355,2,334,607729.41,4,3,2,43,Potansiyel Sadıklar
1356,8,369,741325.8999999999,1,5,4,15,Kaybedilmek Üzere
1357,5,358,652782.16,2,5,3,25,Kaybedilmek Üzere
1358,2,314,680452.25,4,1,3,41,Umut Veren
1359,2,346,651913.96,4,4,3,44,Sadık Müşteriler
1360,5,392,744873.74,2,5,5,25,Kaybedilmek Üzere
1361,3,323,538369.48,3,2,1,32,Uykuya Yakın
1362,9,325,580287.83,1,2,1,12,Uykuda
1363,3,335,738430.7,3,3,4,33,İlgi Bekleyen
1364,8,351,651625.5599999999,1,5,3,15,Kaybedilmek Üzere
1365,4,312,549369.92,3,1,1,31,Uykuya Yakın
1366,9,350,674654.4099999999,1,5,3,15,Kaybedilmek Üzere
1367,2,335,684024.76,4,3,3,43,Potansiyel Sadıklar
1368,14,324,584788.73,1,2,1,12,Uykuda
1369,5,364,676119.22,2,5,3,25,Kaybedilmek Üzere
1370,6,350,655804.43,2,5,3,25,Kaybedilmek Üzere
1371,6,321,794612.3500000001,2,2,5,22,Uykuda
1372,22,336,737863.87,1,3,4,13,Risk Altında
1373,2,347,847025.24,4,4,5,44,Sadık Müşteriler
1374,3,324,668896.82,3,2,3,32,Uykuya Yakın
1375,11,330,679133.8400000001,1,3,3,13,Risk Altında
1376,13,324,654936.4600000001,1,2,3,12,Uykuda
1377,4,337,625344.9199999999,3,3,2,33,İlgi Bekleyen
1378,4,312,532858.4,3,1,1,31,Uykuya Yakın
1379,5,327,579239.82,2,2,1,22,Uykuda
1380,2,314,600978.5800000001,4,1,2,41,Umut Veren
1381,2,336,713740.47,4,3,4,43,Potansiyel Sadıklar
1382,3,331,819648.3200000001,3,3,5,33,İlgi Bekleyen
1383,3,340,645094.73,3,4,2,34,Sadık Müşteriler
1384,3,334,583055.43,3,3,1,33,İlgi Bekleyen
1385,5,334,597190.73,2,3,1,23,Risk Altında
1386,6,323,676049.96,2,2,3,22,Uykuda
1387,3,305,484452.71,3,1,1,31,Uykuya Yakın
1388,2,312,636691.6100000001,4,1,2,41,Umut Veren
1389,6,337,666230.5,2,3,3,23,Risk Altında
1390,5,344,598467.48,2,4,1,24,Risk Altında
1391,3,364,759058.7000000001,3,5,5,35,Sadık Müşteriler
1392,4,331,595027.53,3,3,1,33,İlgi Bekleyen
1393,8,318,649496.74,1,2,3,12,Uykuda
1394,5,369,606510.2,2,5,2,25,Kaybedilmek Üzere
1395,4,295,472905.5,3,1,1,31,Uykuya Yakın
1396,5,335,643599.87,2,3,2,23,Risk Altında
1397,7,359,763608.1800000002,1,5,5,15,Kaybedilmek Üzere
1398,2,366,652295.15,4,5,3,45,Sadık Müşteriler
1399,3,351,681283.95,3,5,3,35,Sadık Müşteriler
1400,9,292,555730.38,1,1,1,11,Uykuda
1401,9,322,655775.53,1,2,3,12,Uykuda
1402,4,317,617786.72,3,1,2,31,Uykuya Yakın
1403,3,340,650800.0999999999,3,4,3,34,Sadık Müşteriler
1404,18,347,479673.00999999995,1,4,1,14,Risk Altında
1405,4,351,677784.44,3,5,3,35,Sadık Müşteriler
1406,5,361,785370.55,2,5,5,25,Kaybedilmek Üzere
1407,6,321,753077.2899999999,2,2,5,22,Uykuda
1408,2,341,658241.69,4,4,3,44,Sadık Müşteriler
1409,2,312,594520.1699999999,4,1,1,41,Umut Veren
1410,6,342,632843.39,2,4,2,24,Risk Altında
1411,14,320,565500.27,1,2,1,12,Uykuda
1412,4,321,629950.19,3,2,2,32,Uykuya Yakın
1413,5,352,667428.97,2,5,3,25,Kaybedilmek Üzere
1414,3,312,660464.45,3,1,3,31,Uykuya Yakın
1415,6,339,715084.98,2,4,4,24,Risk Altında
1416,6,331,540696.73,2,3,1,23,Risk Altında
1417,3,335,644721.6599999999,3,3,2,33,İlgi Bekleyen
1418,4,338,769836.3600000001,3,4,5,34,Sadık Müşteriler
1419,5,343,632905.27,2,4,2,24,Risk Altında
1420,4,349,755015.29,3,5,5,35,Sadık Müşteriler
1421,2,321,822182.9299999999,4,2,5,42,Potansiyel Sadıklar
1422,3,332,516358.76,3,3,1,33,İlgi Bekleyen
1423,4,337,663224.27,3,3,3,33,İlgi Bekleyen
1424,9,325,558986.2,1,2,1,12,Uykuda
1425,3,314,564662.5700000001,3,1,1,31,Uykuya Yakın
1426,5,339,711868.14,2,4,4,24,Risk Altında
1427,6,359,688265.87,2,5,3,25,Kaybedilmek Üzere
1428,8,358,570493.73,1,5,1,15,Kaybedilmek Üzere
1429,2,304,564911.9099999999,4,1,1,41,Umut Veren
1430,2,319,722670.8499999999,4,2,4,42,Potansiyel Sadıklar
1431,3,330,765312.23,3,3,5,33,İlgi Bekleyen
1432,3,328,730704.38,3,3,4,33,İlgi Bekleyen
1433,5,356,578545.72,2,5,1,25,Kaybedilmek Üzere
1434,2,294,564016.51,4,1,1,41,Umut Veren
1435,4,313,833023.64,3,1,5,31,Uykuya Yakın
1436,3,316,608005.1799999999,3,1,2,31,Uykuya Yakın
1437,4,329,732438.53,3,3,4,33,İlgi Bekleyen
1438,5,320,529343.01,2,2,1,22,Uykuda
1439,10,322,652859.52,1,2,3,12,Uykuda
1440,4,324,620351.21,3,2,2,32,Uykuya Yakın
1441,4,328,795599.17,3,3,5,33,İlgi Bekleyen
1442,4,319,688560.31,3,2,3,32,Uykuya Yakın
1443,3,327,688271.8200000001,3,2,3,32,Uykuya Yakın
1444,2,353,698241.39,4,5,4,45,Sadık Müşteriler
1445,6,321,627158.8600000001,2,2,2,22,Uykuda
1446,2,342,699074.85,4,4,4,44,Sadık Müşteriler
1447,2,298,668541.74,4,1,3,41,Umut Veren
1448,11,320,529205.91,1,2,1,12,Uykuda
1449,4,307,581660.2000000001,3,1,1,31,Uykuya Yakın
1450,2,345,745899.1599999999,4,4,5,44,Sadık Müşteriler
1451,4,327,554850.41,3,2,1,32,Uykuya Yakın
1452,3,346,709503.26,3,4,4,34,Sadık Müşteriler
1453,5,363,720030.8400000001,2,5,4,25,Kaybedilmek Üzere
1454,3,310,667241.27,3,1,3,31,Uykuya Yakın
1455,2,308,753482.4299999999,4,1,5,41,Umut Veren
1456,9,353,754061.9099999999,1,5,5,15,Kaybedilmek Üzere
1457,8,339,664256.8,1,4,3,14,Risk Altında
1458,4,348,581033.8099999999,3,4,1,34,Sadık Müşteriler
1459,3,329,776888.75,3,3,5,33,İlgi Bekleyen
1460,11,339,752889.5499999999,1,4,5,14,Risk Altında
1461,2,344,698354.9,4,4,4,44,Sadık Müşteriler
1462,5,329,619832.3700000001,2,3,2,23,Risk Altında
1463,2,333,776483.7,4,3,5,43,Potansiyel Sadıklar
1464,2,346,612371.71,4,4,2,44,Sadık Müşteriler
1465,5,316,719264.5800000001,2,1,4,21,Uykuda
1466,7,353,830887.37,1,5,5,15,Kaybedilmek Üzere
1467,2,342,591606.04,4,4,1,44,Sadık Müşteriler
1468,6,354,778260.65,2,5,5,25,Kaybedilmek Üzere
1469,5,314,567834.23,2,1,1,21,Uykuda
1470,2,366,746064.96,4,5,5,45,Sadık Müşteriler
1471,18,332,593244.08,1,3,1,13,Risk Altında
1472,2,370,805068.03,4,5,5,45,Sadık Müşteriler
1473,6,333,672239.38,2,3,3,23,Risk Altında
1474,3,335,568723.06,3,3,1,33,İlgi Bekleyen
1475,7,324,724766.36,1,2,4,12,Uykuda
1476,3,346,596169.59,3,4,1,34,Sadık Müşteriler
1477,5,374,810466.8300000001,2,5,5,25,Kaybedilmek Üzere
1478,6,333,712887.28,2,3,4,23,Risk Altında
1479,2,348,662606.94,4,4,3,44,Sadık Müşteriler
1480,4,315,725419.17,3,1,4,31,Uykuya Yakın
1481,2,352,767664.0399999999,4,5,5,45,Sadık Müşteriler
1482,2,316,646502.74,4,1,3,41,Umut Veren
1483,5,317,663292.48,2,1,3,21,Uykuda
1484,3,315,531095.01,3,1,1,31,Uykuya Yakın
1485,6,321,599776.69,2,2,1,22,Uykuda
1486,7,326,731119.3,1,2,4,12,Uykuda
1487,4,321,667001.9199999999,3,2,3,32,Uykuya Yakın
1488,6,320,562886.86,2,2,1,22,Uykuda
1489,3,328,782441.24,3,3,5,33,İlgi Bekleyen
1490,3,356,821563.0,3,5,5,35,Sadık Müşteriler
1491,9,309,588370.37,1,1,1,11,Uykuda
1492,2,314,513138.38,4,1,1,41,Umut Veren
1493,4,332,787597.81,3,3,5,33,İlgi Bekleyen
1494,5,343,801291.3500000001,2,4,5,24,Risk Altında
1495,7,333,699554.66,1,3,4,13,Risk Altında
1496,4,336,643691.5,3,3,2,33,İlgi Bekleyen
1497,23,357,674357.61,1,5,3,15,Kaybedilmek Üzere
1498,5,347,751911.2,2,4,5,24,Risk Altında
1499,10,354,827021.03,1,5,5,15,Kaybedilmek Üzere
1500,7,329,571078.14,1,3,1,13,Risk Altında
